District,Region,UDHS_Subregion,ITN_Net_Usage_2020_pct,Poor_Housing_2020_pct,Lack_Maternal_Education_2020_pct,ITN_Net_Usage_2021_pct,Poor_Housing_2021_pct,Lack_Maternal_Education_2021_pct,ITN_Net_Usage_2022_pct,Poor_Housing_2022_pct,Lack_Maternal_Education_2022_pct,ITN_Net_Usage_2023_pct,Poor_Housing_2023_pct,Lack_Maternal_Education_2023_pct,ITN_Net_Usage_2024_pct,Poor_Housing_2024_pct,Lack_Maternal_Education_2024_pct,Avg_ITN_Usage_pct,Avg_Poor_Housing_pct,Avg_Lack_Maternal_Education_pct,Data_Source
Buikwe,Central,North Central,51.2,23.3,7.7,62.7,22.0,5.8,53.8,22.8,6.7,53.5,19.6,5.8,48.0,19.7,6.4,53.8,21.5,6.5,"Sub-region baselines anchored to UBOS/UNICEF Uganda Annual Report 2024 (multidimensional poverty by sub-region), UBOS Adolescents & Youth in Uganda thematic report (female school non-attendance by sub-region, 2016), and UNIPH/UDHS ITN-use reporting patterns (2020-2021 mass LLIN campaign peak, post-campaign decline). District-level values within each sub-region are modeled/estimated, not individually surveyed."
Bukomansimbi,Central,South Central,53.4,19.1,2.3,55.5,18.5,1.5,56.0,16.8,1.3,52.8,17.9,1.9,47.8,16.1,1.0,53.1,17.7,1.6,"Sub-region baselines anchored to UBOS/UNICEF Uganda Annual Report 2024 (multidimensional poverty by sub-region), UBOS Adolescents & Youth in Uganda thematic report (female school non-attendance by sub-region, 2016), and UNIPH/UDHS ITN-use reporting patterns (2020-2021 mass LLIN campaign peak, post-campaign decline). District-level values within each sub-region are modeled/estimated, not individually surveyed."
Butambala,Central,South Central,54.8,20.5,4.0,55.3,17.2,4.6,56.0,17.3,5.1,52.7,15.2,3.9,47.9,16.3,2.1,53.3,17.3,3.9,"Sub-region baselines anchored to UBOS/UNICEF Uganda Annual Report 2024 (multidimensional poverty by sub-region), UBOS Adolescents & Youth in Uganda thematic report (female school non-attendance by sub-region, 2016), and UNIPH/UDHS ITN-use reporting patterns (2020-2021 mass LLIN campaign peak, post-campaign decline). District-level values within each sub-region are modeled/estimated, not individually surveyed."
Buvuma,Central,North Central,56.9,24.8,7.6,57.7,22.8,4.4,58.7,22.6,5.3,54.0,22.4,3.4,49.1,21.5,3.9,55.3,22.8,4.9,"Sub-region baselines anchored to UBOS/UNICEF Uganda Annual Report 2024 (multidimensional poverty by sub-region), UBOS Adolescents & Youth in Uganda thematic report (female school non-attendance by sub-region, 2016), and UNIPH/UDHS ITN-use reporting patterns (2020-2021 mass LLIN campaign peak, post-campaign decline). District-level values within each sub-region are modeled/estimated, not individually surveyed."
Gomba,Central,South Central,52.1,15.3,8.3,59.6,14.9,7.8,55.5,12.1,6.8,47.0,11.7,5.8,43.4,10.1,3.7,51.5,12.8,6.5,"Sub-region baselines anchored to UBOS/UNICEF Uganda Annual Report 2024 (multidimensional poverty by sub-region), UBOS Adolescents & Youth in Uganda thematic report (female school non-attendance by sub-region, 2016), and UNIPH/UDHS ITN-use reporting patterns (2020-2021 mass LLIN campaign peak, post-campaign decline). District-level values within each sub-region are modeled/estimated, not individually surveyed."
Kalangala,Central,South Central,54.9,16.8,2.1,56.4,13.4,3.1,53.9,13.2,0.6,49.2,12.5,0.5,49.3,12.7,0.5,52.7,13.7,1.4,"Sub-region baselines anchored to UBOS/UNICEF Uganda Annual Report 2024 (multidimensional poverty by sub-region), UBOS Adolescents & Youth in Uganda thematic report (female school non-attendance by sub-region, 2016), and UNIPH/UDHS ITN-use reporting patterns (2020-2021 mass LLIN campaign peak, post-campaign decline). District-level values within each sub-region are modeled/estimated, not individually surveyed."
Kalungu,Central,South Central,49.6,19.6,5.1,55.1,18.2,4.6,51.8,16.6,4.6,47.4,17.3,3.3,48.7,14.1,4.0,50.5,17.2,4.3,"Sub-region baselines anchored to UBOS/UNICEF Uganda Annual Report 2024 (multidimensional poverty by sub-region), UBOS Adolescents & Youth in Uganda thematic report (female school non-attendance by sub-region, 2016), and UNIPH/UDHS ITN-use reporting patterns (2020-2021 mass LLIN campaign peak, post-campaign decline). District-level values within each sub-region are modeled/estimated, not individually surveyed."
Kampala,Central,Kampala,40.1,8.6,1.7,43.5,7.9,1.8,44.0,5.1,1.6,40.9,6.4,0.5,38.1,3.7,0.7,41.3,6.3,1.3,"Sub-region baselines anchored to UBOS/UNICEF Uganda Annual Report 2024 (multidimensional poverty by sub-region), UBOS Adolescents & Youth in Uganda thematic report (female school non-attendance by sub-region, 2016), and UNIPH/UDHS ITN-use reporting patterns (2020-2021 mass LLIN campaign peak, post-campaign decline). District-level values within each sub-region are modeled/estimated, not individually surveyed."
Kasanda,Central,North Central,56.2,22.2,7.6,59.3,20.8,7.2,57.3,20.4,5.9,52.0,18.7,5.4,49.2,18.4,4.6,54.8,20.1,6.1,"Sub-region baselines anchored to UBOS/UNICEF Uganda Annual Report 2024 (multidimensional poverty by sub-region), UBOS Adolescents & Youth in Uganda thematic report (female school non-attendance by sub-region, 2016), and UNIPH/UDHS ITN-use reporting patterns (2020-2021 mass LLIN campaign peak, post-campaign decline). District-level values within each sub-region are modeled/estimated, not individually surveyed."
Kayunga,Central,North Central,51.1,19.6,5.5,61.3,20.4,4.1,56.3,17.8,3.5,52.4,17.4,3.3,49.9,17.7,1.0,54.2,18.6,3.5,"Sub-region baselines anchored to UBOS/UNICEF Uganda Annual Report 2024 (multidimensional poverty by sub-region), UBOS Adolescents & Youth in Uganda thematic report (female school non-attendance by sub-region, 2016), and UNIPH/UDHS ITN-use reporting patterns (2020-2021 mass LLIN campaign peak, post-campaign decline). District-level values within each sub-region are modeled/estimated, not individually surveyed."
Kiboga,Central,North Central,56.1,19.6,8.5,57.3,21.0,9.8,57.3,17.3,7.5,49.5,17.7,8.1,47.4,17.0,8.1,53.5,18.5,8.4,"Sub-region baselines anchored to UBOS/UNICEF Uganda Annual Report 2024 (multidimensional poverty by sub-region), UBOS Adolescents & Youth in Uganda thematic report (female school non-attendance by sub-region, 2016), and UNIPH/UDHS ITN-use reporting patterns (2020-2021 mass LLIN campaign peak, post-campaign decline). District-level values within each sub-region are modeled/estimated, not individually surveyed."
Kyankwanzi,Central,North Central,55.9,25.9,5.1,60.3,22.6,4.7,56.8,21.4,4.2,49.0,20.5,4.0,48.3,21.7,2.6,54.1,22.4,4.1,"Sub-region baselines anchored to UBOS/UNICEF Uganda Annual Report 2024 (multidimensional poverty by sub-region), UBOS Adolescents & Youth in Uganda thematic report (female school non-attendance by sub-region, 2016), and UNIPH/UDHS ITN-use reporting patterns (2020-2021 mass LLIN campaign peak, post-campaign decline). District-level values within each sub-region are modeled/estimated, not individually surveyed."
Kyotera,Central,South Central,51.5,20.6,6.1,59.0,20.6,6.0,54.3,18.0,4.7,48.1,17.9,5.3,47.6,17.1,5.9,52.1,18.8,5.6,"Sub-region baselines anchored to UBOS/UNICEF Uganda Annual Report 2024 (multidimensional poverty by sub-region), UBOS Adolescents & Youth in Uganda thematic report (female school non-attendance by sub-region, 2016), and UNIPH/UDHS ITN-use reporting patterns (2020-2021 mass LLIN campaign peak, post-campaign decline). District-level values within each sub-region are modeled/estimated, not individually surveyed."
Luweero,Central,North Central,52.4,20.6,6.9,57.9,20.8,7.4,56.8,17.7,7.7,53.6,17.8,5.5,48.2,15.8,5.4,53.8,18.5,6.6,"Sub-region baselines anchored to UBOS/UNICEF Uganda Annual Report 2024 (multidimensional poverty by sub-region), UBOS Adolescents & Youth in Uganda thematic report (female school non-attendance by sub-region, 2016), and UNIPH/UDHS ITN-use reporting patterns (2020-2021 mass LLIN campaign peak, post-campaign decline). District-level values within each sub-region are modeled/estimated, not individually surveyed."
Lwengo,Central,South Central,52.9,17.1,2.7,59.1,15.9,1.7,56.2,17.0,2.1,51.7,14.6,1.9,47.5,14.2,1.7,53.5,15.8,2.0,"Sub-region baselines anchored to UBOS/UNICEF Uganda Annual Report 2024 (multidimensional poverty by sub-region), UBOS Adolescents & Youth in Uganda thematic report (female school non-attendance by sub-region, 2016), and UNIPH/UDHS ITN-use reporting patterns (2020-2021 mass LLIN campaign peak, post-campaign decline). District-level values within each sub-region are modeled/estimated, not individually surveyed."
Lyantonde,Central,South Central,51.8,20.0,7.0,60.2,18.7,7.5,55.0,19.1,4.8,47.0,18.0,6.0,43.9,15.5,6.5,51.6,18.3,6.4,"Sub-region baselines anchored to UBOS/UNICEF Uganda Annual Report 2024 (multidimensional poverty by sub-region), UBOS Adolescents & Youth in Uganda thematic report (female school non-attendance by sub-region, 2016), and UNIPH/UDHS ITN-use reporting patterns (2020-2021 mass LLIN campaign peak, post-campaign decline). District-level values within each sub-region are modeled/estimated, not individually surveyed."
Masaka,Central,South Central,51.3,18.4,2.7,55.6,16.5,3.6,56.4,15.3,0.9,48.4,15.1,1.4,48.1,12.5,0.5,52.0,15.6,1.8,"Sub-region baselines anchored to UBOS/UNICEF Uganda Annual Report 2024 (multidimensional poverty by sub-region), UBOS Adolescents & Youth in Uganda thematic report (female school non-attendance by sub-region, 2016), and UNIPH/UDHS ITN-use reporting patterns (2020-2021 mass LLIN campaign peak, post-campaign decline). District-level values within each sub-region are modeled/estimated, not individually surveyed."
Mityana,Central,North Central,53.5,19.8,5.6,57.1,17.6,3.3,53.0,18.3,5.5,53.0,17.1,3.7,47.9,15.8,3.5,52.9,17.7,4.3,"Sub-region baselines anchored to UBOS/UNICEF Uganda Annual Report 2024 (multidimensional poverty by sub-region), UBOS Adolescents & Youth in Uganda thematic report (female school non-attendance by sub-region, 2016), and UNIPH/UDHS ITN-use reporting patterns (2020-2021 mass LLIN campaign peak, post-campaign decline). District-level values within each sub-region are modeled/estimated, not individually surveyed."
Mpigi,Central,South Central,54.2,16.8,5.8,59.8,16.8,7.2,52.6,14.7,6.5,52.6,13.7,6.4,43.7,12.9,4.2,52.6,15.0,6.0,"Sub-region baselines anchored to UBOS/UNICEF Uganda Annual Report 2024 (multidimensional poverty by sub-region), UBOS Adolescents & Youth in Uganda thematic report (female school non-attendance by sub-region, 2016), and UNIPH/UDHS ITN-use reporting patterns (2020-2021 mass LLIN campaign peak, post-campaign decline). District-level values within each sub-region are modeled/estimated, not individually surveyed."
Mubende,Central,North Central,53.2,21.0,5.6,57.7,20.3,4.8,55.8,20.7,4.1,50.3,19.9,3.7,49.8,18.2,3.4,53.4,20.0,4.3,"Sub-region baselines anchored to UBOS/UNICEF Uganda Annual Report 2024 (multidimensional poverty by sub-region), UBOS Adolescents & Youth in Uganda thematic report (female school non-attendance by sub-region, 2016), and UNIPH/UDHS ITN-use reporting patterns (2020-2021 mass LLIN campaign peak, post-campaign decline). District-level values within each sub-region are modeled/estimated, not individually surveyed."
Mukono,Central,North Central,56.1,25.5,7.4,59.5,23.2,9.7,53.3,22.7,8.0,49.8,22.4,8.1,49.5,19.9,7.1,53.6,22.7,8.1,"Sub-region baselines anchored to UBOS/UNICEF Uganda Annual Report 2024 (multidimensional poverty by sub-region), UBOS Adolescents & Youth in Uganda thematic report (female school non-attendance by sub-region, 2016), and UNIPH/UDHS ITN-use reporting patterns (2020-2021 mass LLIN campaign peak, post-campaign decline). District-level values within each sub-region are modeled/estimated, not individually surveyed."
Nakaseke,Central,North Central,53.9,24.1,7.4,59.5,23.9,7.6,53.9,23.7,7.9,53.5,21.3,7.1,45.3,20.1,7.9,53.2,22.6,7.6,"Sub-region baselines anchored to UBOS/UNICEF Uganda Annual Report 2024 (multidimensional poverty by sub-region), UBOS Adolescents & Youth in Uganda thematic report (female school non-attendance by sub-region, 2016), and UNIPH/UDHS ITN-use reporting patterns (2020-2021 mass LLIN campaign peak, post-campaign decline). District-level values within each sub-region are modeled/estimated, not individually surveyed."
Nakasongola,Central,North Central,51.8,18.7,7.0,59.2,19.0,6.3,58.6,16.4,3.5,49.7,16.0,5.5,49.6,13.9,3.6,53.8,16.8,5.2,"Sub-region baselines anchored to UBOS/UNICEF Uganda Annual Report 2024 (multidimensional poverty by sub-region), UBOS Adolescents & Youth in Uganda thematic report (female school non-attendance by sub-region, 2016), and UNIPH/UDHS ITN-use reporting patterns (2020-2021 mass LLIN campaign peak, post-campaign decline). District-level values within each sub-region are modeled/estimated, not individually surveyed."
Rakai,Central,South Central,53.5,21.9,7.8,56.0,20.4,5.8,51.0,19.9,6.1,50.8,16.5,6.1,49.3,17.2,5.5,52.1,19.2,6.3,"Sub-region baselines anchored to UBOS/UNICEF Uganda Annual Report 2024 (multidimensional poverty by sub-region), UBOS Adolescents & Youth in Uganda thematic report (female school non-attendance by sub-region, 2016), and UNIPH/UDHS ITN-use reporting patterns (2020-2021 mass LLIN campaign peak, post-campaign decline). District-level values within each sub-region are modeled/estimated, not individually surveyed."
Sembabule,Central,South Central,54.1,18.4,6.0,60.0,17.5,5.4,56.5,16.4,6.1,48.2,15.8,3.6,47.0,12.5,5.5,53.2,16.1,5.3,"Sub-region baselines anchored to UBOS/UNICEF Uganda Annual Report 2024 (multidimensional poverty by sub-region), UBOS Adolescents & Youth in Uganda thematic report (female school non-attendance by sub-region, 2016), and UNIPH/UDHS ITN-use reporting patterns (2020-2021 mass LLIN campaign peak, post-campaign decline). District-level values within each sub-region are modeled/estimated, not individually surveyed."
Wakiso,Central,South Central,53.3,20.6,3.7,58.2,20.0,4.0,55.6,17.2,2.9,51.7,17.9,2.9,47.7,15.0,2.0,53.3,18.1,3.1,"Sub-region baselines anchored to UBOS/UNICEF Uganda Annual Report 2024 (multidimensional poverty by sub-region), UBOS Adolescents & Youth in Uganda thematic report (female school non-attendance by sub-region, 2016), and UNIPH/UDHS ITN-use reporting patterns (2020-2021 mass LLIN campaign peak, post-campaign decline). District-level values within each sub-region are modeled/estimated, not individually surveyed."
Amuria,Eastern,Teso,66.3,48.7,16.3,78.2,48.4,17.0,72.5,46.4,15.8,64.5,45.3,15.4,63.3,44.3,13.9,69.0,46.6,15.7,"Sub-region baselines anchored to UBOS/UNICEF Uganda Annual Report 2024 (multidimensional poverty by sub-region), UBOS Adolescents & Youth in Uganda thematic report (female school non-attendance by sub-region, 2016), and UNIPH/UDHS ITN-use reporting patterns (2020-2021 mass LLIN campaign peak, post-campaign decline). District-level values within each sub-region are modeled/estimated, not individually surveyed."
Budaka,Eastern,Bukedi,65.4,46.2,14.1,76.5,43.4,13.4,67.2,44.8,15.2,66.0,42.3,14.8,61.1,40.3,12.7,67.2,43.4,14.0,"Sub-region baselines anchored to UBOS/UNICEF Uganda Annual Report 2024 (multidimensional poverty by sub-region), UBOS Adolescents & Youth in Uganda thematic report (female school non-attendance by sub-region, 2016), and UNIPH/UDHS ITN-use reporting patterns (2020-2021 mass LLIN campaign peak, post-campaign decline). District-level values within each sub-region are modeled/estimated, not individually surveyed."
Bududa,Eastern,Bugisu,61.3,39.3,15.8,63.6,38.2,15.9,63.0,37.0,16.0,55.1,37.1,16.3,52.4,36.0,16.4,59.1,37.5,16.1,"Sub-region baselines anchored to UBOS/UNICEF Uganda Annual Report 2024 (multidimensional poverty by sub-region), UBOS Adolescents & Youth in Uganda thematic report (female school non-attendance by sub-region, 2016), and UNIPH/UDHS ITN-use reporting patterns (2020-2021 mass LLIN campaign peak, post-campaign decline). District-level values within each sub-region are modeled/estimated, not individually surveyed."
Bugiri,Eastern,Busoga,61.2,38.0,16.5,67.9,38.2,15.4,64.4,38.6,15.3,57.5,35.8,16.8,53.7,34.0,16.3,60.9,36.9,16.1,"Sub-region baselines anchored to UBOS/UNICEF Uganda Annual Report 2024 (multidimensional poverty by sub-region), UBOS Adolescents & Youth in Uganda thematic report (female school non-attendance by sub-region, 2016), and UNIPH/UDHS ITN-use reporting patterns (2020-2021 mass LLIN campaign peak, post-campaign decline). District-level values within each sub-region are modeled/estimated, not individually surveyed."
Bugweri,Eastern,Busoga,63.9,44.2,14.8,65.2,43.8,14.1,66.0,41.9,12.4,61.2,41.7,12.1,53.8,40.7,12.1,62.0,42.5,13.1,"Sub-region baselines anchored to UBOS/UNICEF Uganda Annual Report 2024 (multidimensional poverty by sub-region), UBOS Adolescents & Youth in Uganda thematic report (female school non-attendance by sub-region, 2016), and UNIPH/UDHS ITN-use reporting patterns (2020-2021 mass LLIN campaign peak, post-campaign decline). District-level values within each sub-region are modeled/estimated, not individually surveyed."
Bukedea,Eastern,Teso,68.5,48.2,19.4,78.8,46.4,18.1,70.1,45.3,18.7,67.4,46.4,18.4,60.9,43.9,19.4,69.1,46.0,18.8,"Sub-region baselines anchored to UBOS/UNICEF Uganda Annual Report 2024 (multidimensional poverty by sub-region), UBOS Adolescents & Youth in Uganda thematic report (female school non-attendance by sub-region, 2016), and UNIPH/UDHS ITN-use reporting patterns (2020-2021 mass LLIN campaign peak, post-campaign decline). District-level values within each sub-region are modeled/estimated, not individually surveyed."
Bukwo,Eastern,Bugisu,58.0,38.4,14.9,65.8,36.7,14.6,63.1,35.4,16.1,55.8,33.9,14.1,50.6,31.7,13.8,58.7,35.2,14.7,"Sub-region baselines anchored to UBOS/UNICEF Uganda Annual Report 2024 (multidimensional poverty by sub-region), UBOS Adolescents & Youth in Uganda thematic report (female school non-attendance by sub-region, 2016), and UNIPH/UDHS ITN-use reporting patterns (2020-2021 mass LLIN campaign peak, post-campaign decline). District-level values within each sub-region are modeled/estimated, not individually surveyed."
Bulambuli,Eastern,Bugisu,59.4,39.9,14.9,67.3,40.5,16.2,59.2,37.0,15.0,58.3,37.1,15.3,51.1,36.1,14.8,59.1,38.1,15.2,"Sub-region baselines anchored to UBOS/UNICEF Uganda Annual Report 2024 (multidimensional poverty by sub-region), UBOS Adolescents & Youth in Uganda thematic report (female school non-attendance by sub-region, 2016), and UNIPH/UDHS ITN-use reporting patterns (2020-2021 mass LLIN campaign peak, post-campaign decline). District-level values within each sub-region are modeled/estimated, not individually surveyed."
Busia,Eastern,Bukedi,67.5,44.4,18.2,75.5,45.7,19.5,68.8,43.1,17.8,63.5,42.8,18.1,61.7,41.4,18.4,67.4,43.5,18.4,"Sub-region baselines anchored to UBOS/UNICEF Uganda Annual Report 2024 (multidimensional poverty by sub-region), UBOS Adolescents & Youth in Uganda thematic report (female school non-attendance by sub-region, 2016), and UNIPH/UDHS ITN-use reporting patterns (2020-2021 mass LLIN campaign peak, post-campaign decline). District-level values within each sub-region are modeled/estimated, not individually surveyed."
Butaleja,Eastern,Bukedi,65.9,43.4,17.4,71.1,43.3,19.2,69.5,42.8,16.3,61.5,40.4,16.3,56.9,39.6,15.2,65.0,41.9,16.9,"Sub-region baselines anchored to UBOS/UNICEF Uganda Annual Report 2024 (multidimensional poverty by sub-region), UBOS Adolescents & Youth in Uganda thematic report (female school non-attendance by sub-region, 2016), and UNIPH/UDHS ITN-use reporting patterns (2020-2021 mass LLIN campaign peak, post-campaign decline). District-level values within each sub-region are modeled/estimated, not individually surveyed."
Butebo,Eastern,Bukedi,63.9,43.0,19.5,71.6,42.4,18.3,66.0,43.4,17.8,63.4,40.6,17.9,56.7,40.7,15.9,64.3,42.0,17.9,"Sub-region baselines anchored to UBOS/UNICEF Uganda Annual Report 2024 (multidimensional poverty by sub-region), UBOS Adolescents & Youth in Uganda thematic report (female school non-attendance by sub-region, 2016), and UNIPH/UDHS ITN-use reporting patterns (2020-2021 mass LLIN campaign peak, post-campaign decline). District-level values within each sub-region are modeled/estimated, not individually surveyed."
Buyende,Eastern,Busoga,61.4,41.9,14.8,66.3,39.9,15.8,60.7,40.2,14.2,56.4,38.7,16.0,53.5,37.2,14.3,59.7,39.6,15.0,"Sub-region baselines anchored to UBOS/UNICEF Uganda Annual Report 2024 (multidimensional poverty by sub-region), UBOS Adolescents & Youth in Uganda thematic report (female school non-attendance by sub-region, 2016), and UNIPH/UDHS ITN-use reporting patterns (2020-2021 mass LLIN campaign peak, post-campaign decline). District-level values within each sub-region are modeled/estimated, not individually surveyed."
Iganga,Eastern,Busoga,58.4,41.2,14.6,69.1,38.4,14.6,62.9,37.8,13.3,56.6,36.7,11.8,57.3,35.7,12.9,60.9,38.0,13.4,"Sub-region baselines anchored to UBOS/UNICEF Uganda Annual Report 2024 (multidimensional poverty by sub-region), UBOS Adolescents & Youth in Uganda thematic report (female school non-attendance by sub-region, 2016), and UNIPH/UDHS ITN-use reporting patterns (2020-2021 mass LLIN campaign peak, post-campaign decline). District-level values within each sub-region are modeled/estimated, not individually surveyed."
Jinja,Eastern,Busoga,60.0,38.9,15.2,68.9,38.9,12.2,64.0,36.1,14.2,56.5,37.2,11.5,53.0,33.9,11.7,60.5,37.0,13.0,"Sub-region baselines anchored to UBOS/UNICEF Uganda Annual Report 2024 (multidimensional poverty by sub-region), UBOS Adolescents & Youth in Uganda thematic report (female school non-attendance by sub-region, 2016), and UNIPH/UDHS ITN-use reporting patterns (2020-2021 mass LLIN campaign peak, post-campaign decline). District-level values within each sub-region are modeled/estimated, not individually surveyed."
Kaberamaido,Eastern,Teso,70.5,49.2,21.7,74.0,46.9,22.3,70.5,46.4,19.9,64.3,45.9,19.7,59.5,44.5,18.8,67.8,46.6,20.5,"Sub-region baselines anchored to UBOS/UNICEF Uganda Annual Report 2024 (multidimensional poverty by sub-region), UBOS Adolescents & Youth in Uganda thematic report (female school non-attendance by sub-region, 2016), and UNIPH/UDHS ITN-use reporting patterns (2020-2021 mass LLIN campaign peak, post-campaign decline). District-level values within each sub-region are modeled/estimated, not individually surveyed."
Kalaki,Eastern,Teso,66.2,45.6,20.4,75.8,44.8,18.7,69.1,43.9,18.8,67.7,43.3,18.1,58.8,42.9,18.8,67.5,44.1,19.0,"Sub-region baselines anchored to UBOS/UNICEF Uganda Annual Report 2024 (multidimensional poverty by sub-region), UBOS Adolescents & Youth in Uganda thematic report (female school non-attendance by sub-region, 2016), and UNIPH/UDHS ITN-use reporting patterns (2020-2021 mass LLIN campaign peak, post-campaign decline). District-level values within each sub-region are modeled/estimated, not individually surveyed."
Kaliro,Eastern,Busoga,59.2,41.9,15.7,66.1,41.7,16.2,65.4,39.0,14.6,55.6,40.3,14.0,56.3,37.8,12.1,60.5,40.1,14.5,"Sub-region baselines anchored to UBOS/UNICEF Uganda Annual Report 2024 (multidimensional poverty by sub-region), UBOS Adolescents & Youth in Uganda thematic report (female school non-attendance by sub-region, 2016), and UNIPH/UDHS ITN-use reporting patterns (2020-2021 mass LLIN campaign peak, post-campaign decline). District-level values within each sub-region are modeled/estimated, not individually surveyed."
Kamuli,Eastern,Busoga,64.1,41.8,15.5,67.0,39.9,13.6,63.7,40.2,14.6,61.0,37.7,14.7,55.2,36.0,11.7,62.2,39.1,14.0,"Sub-region baselines anchored to UBOS/UNICEF Uganda Annual Report 2024 (multidimensional poverty by sub-region), UBOS Adolescents & Youth in Uganda thematic report (female school non-attendance by sub-region, 2016), and UNIPH/UDHS ITN-use reporting patterns (2020-2021 mass LLIN campaign peak, post-campaign decline). District-level values within each sub-region are modeled/estimated, not individually surveyed."
Kapchorwa,Eastern,Bugisu,57.0,43.4,15.8,67.5,42.8,13.0,60.9,41.5,14.7,54.0,39.7,13.1,51.2,37.9,11.9,58.1,41.1,13.7,"Sub-region baselines anchored to UBOS/UNICEF Uganda Annual Report 2024 (multidimensional poverty by sub-region), UBOS Adolescents & Youth in Uganda thematic report (female school non-attendance by sub-region, 2016), and UNIPH/UDHS ITN-use reporting patterns (2020-2021 mass LLIN campaign peak, post-campaign decline). District-level values within each sub-region are modeled/estimated, not individually surveyed."
Kapelebyong,Eastern,Teso,71.1,44.6,22.4,75.3,43.3,21.2,70.8,43.0,18.9,66.0,41.0,20.9,63.8,39.8,20.0,69.4,42.3,20.7,"Sub-region baselines anchored to UBOS/UNICEF Uganda Annual Report 2024 (multidimensional poverty by sub-region), UBOS Adolescents & Youth in Uganda thematic report (female school non-attendance by sub-region, 2016), and UNIPH/UDHS ITN-use reporting patterns (2020-2021 mass LLIN campaign peak, post-campaign decline). District-level values within each sub-region are modeled/estimated, not individually surveyed."
Katakwi,Eastern,Teso,68.4,50.1,21.1,73.6,48.2,22.4,71.9,48.9,22.2,68.1,48.4,22.3,63.4,45.4,19.7,69.1,48.2,21.5,"Sub-region baselines anchored to UBOS/UNICEF Uganda Annual Report 2024 (multidimensional poverty by sub-region), UBOS Adolescents & Youth in Uganda thematic report (female school non-attendance by sub-region, 2016), and UNIPH/UDHS ITN-use reporting patterns (2020-2021 mass LLIN campaign peak, post-campaign decline). District-level values within each sub-region are modeled/estimated, not individually surveyed."
Kibuku,Eastern,Bukedi,66.3,41.0,17.9,74.5,42.6,18.3,67.2,41.4,16.4,61.5,39.8,15.7,57.5,38.9,14.9,65.4,40.7,16.6,"Sub-region baselines anchored to UBOS/UNICEF Uganda Annual Report 2024 (multidimensional poverty by sub-region), UBOS Adolescents & Youth in Uganda thematic report (female school non-attendance by sub-region, 2016), and UNIPH/UDHS ITN-use reporting patterns (2020-2021 mass LLIN campaign peak, post-campaign decline). District-level values within each sub-region are modeled/estimated, not individually surveyed."
Kumi,Eastern,Teso,67.3,44.7,20.1,76.7,44.5,20.8,73.6,44.5,17.9,62.5,42.4,19.0,59.6,42.3,17.4,67.9,43.7,19.0,"Sub-region baselines anchored to UBOS/UNICEF Uganda Annual Report 2024 (multidimensional poverty by sub-region), UBOS Adolescents & Youth in Uganda thematic report (female school non-attendance by sub-region, 2016), and UNIPH/UDHS ITN-use reporting patterns (2020-2021 mass LLIN campaign peak, post-campaign decline). District-level values within each sub-region are modeled/estimated, not individually surveyed."
Kween,Eastern,Bugisu,57.8,41.5,16.7,66.6,41.3,16.4,59.5,39.7,14.6,58.7,38.4,15.8,52.2,39.1,13.8,59.0,40.0,15.5,"Sub-region baselines anchored to UBOS/UNICEF Uganda Annual Report 2024 (multidimensional poverty by sub-region), UBOS Adolescents & Youth in Uganda thematic report (female school non-attendance by sub-region, 2016), and UNIPH/UDHS ITN-use reporting patterns (2020-2021 mass LLIN campaign peak, post-campaign decline). District-level values within each sub-region are modeled/estimated, not individually surveyed."
Luuka,Eastern,Busoga,62.5,44.7,14.6,66.2,44.6,13.2,61.7,41.2,14.0,61.0,40.5,13.8,55.3,40.6,13.7,61.3,42.3,13.9,"Sub-region baselines anchored to UBOS/UNICEF Uganda Annual Report 2024 (multidimensional poverty by sub-region), UBOS Adolescents & Youth in Uganda thematic report (female school non-attendance by sub-region, 2016), and UNIPH/UDHS ITN-use reporting patterns (2020-2021 mass LLIN campaign peak, post-campaign decline). District-level values within each sub-region are modeled/estimated, not individually surveyed."
Manafwa,Eastern,Bugisu,62.1,38.2,14.2,65.6,36.1,13.6,62.4,36.4,11.1,59.3,33.4,12.2,50.1,34.7,10.5,59.9,35.8,12.3,"Sub-region baselines anchored to UBOS/UNICEF Uganda Annual Report 2024 (multidimensional poverty by sub-region), UBOS Adolescents & Youth in Uganda thematic report (female school non-attendance by sub-region, 2016), and UNIPH/UDHS ITN-use reporting patterns (2020-2021 mass LLIN campaign peak, post-campaign decline). District-level values within each sub-region are modeled/estimated, not individually surveyed."
Mayuge,Eastern,Busoga,62.0,43.4,18.1,65.3,42.4,16.3,65.8,41.3,18.0,58.4,39.4,17.7,52.4,38.8,16.1,60.8,41.1,17.2,"Sub-region baselines anchored to UBOS/UNICEF Uganda Annual Report 2024 (multidimensional poverty by sub-region), UBOS Adolescents & Youth in Uganda thematic report (female school non-attendance by sub-region, 2016), and UNIPH/UDHS ITN-use reporting patterns (2020-2021 mass LLIN campaign peak, post-campaign decline). District-level values within each sub-region are modeled/estimated, not individually surveyed."
Mbale,Eastern,Bugisu,59.4,38.1,11.8,63.8,37.4,11.8,62.3,36.6,10.1,53.9,36.4,9.6,55.5,35.8,8.3,59.0,36.9,10.3,"Sub-region baselines anchored to UBOS/UNICEF Uganda Annual Report 2024 (multidimensional poverty by sub-region), UBOS Adolescents & Youth in Uganda thematic report (female school non-attendance by sub-region, 2016), and UNIPH/UDHS ITN-use reporting patterns (2020-2021 mass LLIN campaign peak, post-campaign decline). District-level values within each sub-region are modeled/estimated, not individually surveyed."
Namayingo,Eastern,Busoga,59.0,41.9,18.3,69.6,42.0,18.1,63.3,40.2,17.2,60.6,39.7,15.1,52.8,39.9,17.4,61.1,40.7,17.2,"Sub-region baselines anchored to UBOS/UNICEF Uganda Annual Report 2024 (multidimensional poverty by sub-region), UBOS Adolescents & Youth in Uganda thematic report (female school non-attendance by sub-region, 2016), and UNIPH/UDHS ITN-use reporting patterns (2020-2021 mass LLIN campaign peak, post-campaign decline). District-level values within each sub-region are modeled/estimated, not individually surveyed."
Namisindwa,Eastern,Bugisu,56.4,42.7,13.6,66.5,39.8,13.6,61.0,38.8,10.9,55.9,39.5,13.4,53.2,37.4,11.3,58.6,39.6,12.6,"Sub-region baselines anchored to UBOS/UNICEF Uganda Annual Report 2024 (multidimensional poverty by sub-region), UBOS Adolescents & Youth in Uganda thematic report (female school non-attendance by sub-region, 2016), and UNIPH/UDHS ITN-use reporting patterns (2020-2021 mass LLIN campaign peak, post-campaign decline). District-level values within each sub-region are modeled/estimated, not individually surveyed."
Namutumba,Eastern,Busoga,60.8,40.0,19.9,69.9,38.0,18.8,60.3,38.1,17.5,59.0,35.9,16.4,51.6,35.0,17.3,60.3,37.4,18.0,"Sub-region baselines anchored to UBOS/UNICEF Uganda Annual Report 2024 (multidimensional poverty by sub-region), UBOS Adolescents & Youth in Uganda thematic report (female school non-attendance by sub-region, 2016), and UNIPH/UDHS ITN-use reporting patterns (2020-2021 mass LLIN campaign peak, post-campaign decline). District-level values within each sub-region are modeled/estimated, not individually surveyed."
Ngora,Eastern,Teso,66.1,47.7,19.3,76.3,46.7,17.3,68.4,44.7,18.6,66.6,44.4,16.7,58.8,42.9,18.0,67.2,45.3,18.0,"Sub-region baselines anchored to UBOS/UNICEF Uganda Annual Report 2024 (multidimensional poverty by sub-region), UBOS Adolescents & Youth in Uganda thematic report (female school non-attendance by sub-region, 2016), and UNIPH/UDHS ITN-use reporting patterns (2020-2021 mass LLIN campaign peak, post-campaign decline). District-level values within each sub-region are modeled/estimated, not individually surveyed."
Pallisa,Eastern,Bukedi,67.4,45.4,17.8,74.8,42.5,18.2,66.6,41.9,17.6,60.6,40.1,17.9,57.1,40.9,17.6,65.3,42.2,17.8,"Sub-region baselines anchored to UBOS/UNICEF Uganda Annual Report 2024 (multidimensional poverty by sub-region), UBOS Adolescents & Youth in Uganda thematic report (female school non-attendance by sub-region, 2016), and UNIPH/UDHS ITN-use reporting patterns (2020-2021 mass LLIN campaign peak, post-campaign decline). District-level values within each sub-region are modeled/estimated, not individually surveyed."
Serere,Eastern,Teso,68.1,49.3,18.6,73.8,47.9,17.6,73.5,45.9,15.2,65.1,44.7,16.7,62.4,45.6,15.6,68.6,46.7,16.7,"Sub-region baselines anchored to UBOS/UNICEF Uganda Annual Report 2024 (multidimensional poverty by sub-region), UBOS Adolescents & Youth in Uganda thematic report (female school non-attendance by sub-region, 2016), and UNIPH/UDHS ITN-use reporting patterns (2020-2021 mass LLIN campaign peak, post-campaign decline). District-level values within each sub-region are modeled/estimated, not individually surveyed."
Sironko,Eastern,Bugisu,60.0,37.7,12.6,64.9,35.3,14.5,60.9,34.4,13.6,54.7,35.2,11.0,54.4,33.8,11.6,59.0,35.3,12.7,"Sub-region baselines anchored to UBOS/UNICEF Uganda Annual Report 2024 (multidimensional poverty by sub-region), UBOS Adolescents & Youth in Uganda thematic report (female school non-attendance by sub-region, 2016), and UNIPH/UDHS ITN-use reporting patterns (2020-2021 mass LLIN campaign peak, post-campaign decline). District-level values within each sub-region are modeled/estimated, not individually surveyed."
Soroti,Eastern,Teso,69.7,47.9,20.7,76.0,45.4,19.9,70.7,46.0,20.2,64.1,42.4,20.9,60.3,41.8,20.2,68.2,44.7,20.4,"Sub-region baselines anchored to UBOS/UNICEF Uganda Annual Report 2024 (multidimensional poverty by sub-region), UBOS Adolescents & Youth in Uganda thematic report (female school non-attendance by sub-region, 2016), and UNIPH/UDHS ITN-use reporting patterns (2020-2021 mass LLIN campaign peak, post-campaign decline). District-level values within each sub-region are modeled/estimated, not individually surveyed."
Tororo,Eastern,Bukedi,63.6,44.0,17.7,76.4,43.9,18.8,67.7,42.2,16.4,62.3,41.9,16.7,61.5,38.9,15.1,66.3,42.2,16.9,"Sub-region baselines anchored to UBOS/UNICEF Uganda Annual Report 2024 (multidimensional poverty by sub-region), UBOS Adolescents & Youth in Uganda thematic report (female school non-attendance by sub-region, 2016), and UNIPH/UDHS ITN-use reporting patterns (2020-2021 mass LLIN campaign peak, post-campaign decline). District-level values within each sub-region are modeled/estimated, not individually surveyed."
Abim,Northern,Karamoja,80.7,81.7,59.0,87.5,80.3,57.3,82.9,81.0,57.4,74.6,78.9,55.5,67.9,77.7,56.6,78.7,79.9,57.2,"Sub-region baselines anchored to UBOS/UNICEF Uganda Annual Report 2024 (multidimensional poverty by sub-region), UBOS Adolescents & Youth in Uganda thematic report (female school non-attendance by sub-region, 2016), and UNIPH/UDHS ITN-use reporting patterns (2020-2021 mass LLIN campaign peak, post-campaign decline). District-level values within each sub-region are modeled/estimated, not individually surveyed."
Adjumani,Northern,West Nile,71.5,52.5,27.5,80.0,52.9,28.2,73.4,51.1,27.2,65.7,51.3,27.4,59.8,49.7,27.9,70.1,51.5,27.6,"Sub-region baselines anchored to UBOS/UNICEF Uganda Annual Report 2024 (multidimensional poverty by sub-region), UBOS Adolescents & Youth in Uganda thematic report (female school non-attendance by sub-region, 2016), and UNIPH/UDHS ITN-use reporting patterns (2020-2021 mass LLIN campaign peak, post-campaign decline). District-level values within each sub-region are modeled/estimated, not individually surveyed."
Agago,Northern,Acholi,71.3,62.9,29.4,80.5,61.6,28.2,75.8,60.9,28.8,72.8,62.6,28.4,68.5,60.7,26.3,73.8,61.7,28.2,"Sub-region baselines anchored to UBOS/UNICEF Uganda Annual Report 2024 (multidimensional poverty by sub-region), UBOS Adolescents & Youth in Uganda thematic report (female school non-attendance by sub-region, 2016), and UNIPH/UDHS ITN-use reporting patterns (2020-2021 mass LLIN campaign peak, post-campaign decline). District-level values within each sub-region are modeled/estimated, not individually surveyed."
Alebtong,Northern,Lango,70.4,48.3,24.1,77.4,45.5,22.2,74.1,45.4,21.6,69.6,45.2,23.3,66.0,43.1,21.9,71.5,45.5,22.6,"Sub-region baselines anchored to UBOS/UNICEF Uganda Annual Report 2024 (multidimensional poverty by sub-region), UBOS Adolescents & Youth in Uganda thematic report (female school non-attendance by sub-region, 2016), and UNIPH/UDHS ITN-use reporting patterns (2020-2021 mass LLIN campaign peak, post-campaign decline). District-level values within each sub-region are modeled/estimated, not individually surveyed."
Amolatar,Northern,Lango,72.3,48.6,21.4,78.7,45.7,19.3,75.5,45.8,18.9,66.2,46.0,20.4,61.4,43.5,18.5,70.8,45.9,19.7,"Sub-region baselines anchored to UBOS/UNICEF Uganda Annual Report 2024 (multidimensional poverty by sub-region), UBOS Adolescents & Youth in Uganda thematic report (female school non-attendance by sub-region, 2016), and UNIPH/UDHS ITN-use reporting patterns (2020-2021 mass LLIN campaign peak, post-campaign decline). District-level values within each sub-region are modeled/estimated, not individually surveyed."
Amudat,Northern,Karamoja,81.4,83.6,58.1,85.7,83.0,56.6,79.7,82.1,57.1,77.2,79.6,56.0,72.7,79.0,54.0,79.3,81.5,56.4,"Sub-region baselines anchored to UBOS/UNICEF Uganda Annual Report 2024 (multidimensional poverty by sub-region), UBOS Adolescents & Youth in Uganda thematic report (female school non-attendance by sub-region, 2016), and UNIPH/UDHS ITN-use reporting patterns (2020-2021 mass LLIN campaign peak, post-campaign decline). District-level values within each sub-region are modeled/estimated, not individually surveyed."
Amuru,Northern,Acholi,71.5,65.8,27.1,84.7,63.4,26.0,73.8,62.7,26.2,69.5,63.0,25.5,68.0,60.7,25.3,73.5,63.1,26.0,"Sub-region baselines anchored to UBOS/UNICEF Uganda Annual Report 2024 (multidimensional poverty by sub-region), UBOS Adolescents & Youth in Uganda thematic report (female school non-attendance by sub-region, 2016), and UNIPH/UDHS ITN-use reporting patterns (2020-2021 mass LLIN campaign peak, post-campaign decline). District-level values within each sub-region are modeled/estimated, not individually surveyed."
Apac,Northern,Lango,73.6,50.3,20.6,77.6,50.0,21.1,73.8,49.7,19.6,67.5,46.7,20.3,64.5,46.5,20.7,71.4,48.6,20.5,"Sub-region baselines anchored to UBOS/UNICEF Uganda Annual Report 2024 (multidimensional poverty by sub-region), UBOS Adolescents & Youth in Uganda thematic report (female school non-attendance by sub-region, 2016), and UNIPH/UDHS ITN-use reporting patterns (2020-2021 mass LLIN campaign peak, post-campaign decline). District-level values within each sub-region are modeled/estimated, not individually surveyed."
Arua,Northern,West Nile,71.0,57.5,24.7,76.2,55.1,24.8,70.5,53.7,24.0,70.1,53.1,25.1,64.5,52.8,25.4,70.5,54.4,24.8,"Sub-region baselines anchored to UBOS/UNICEF Uganda Annual Report 2024 (multidimensional poverty by sub-region), UBOS Adolescents & Youth in Uganda thematic report (female school non-attendance by sub-region, 2016), and UNIPH/UDHS ITN-use reporting patterns (2020-2021 mass LLIN campaign peak, post-campaign decline). District-level values within each sub-region are modeled/estimated, not individually surveyed."
Dokolo,Northern,Lango,73.9,50.5,20.9,80.9,50.3,20.4,74.7,48.6,20.5,71.4,47.3,20.1,63.8,46.1,17.7,72.9,48.6,19.9,"Sub-region baselines anchored to UBOS/UNICEF Uganda Annual Report 2024 (multidimensional poverty by sub-region), UBOS Adolescents & Youth in Uganda thematic report (female school non-attendance by sub-region, 2016), and UNIPH/UDHS ITN-use reporting patterns (2020-2021 mass LLIN campaign peak, post-campaign decline). District-level values within each sub-region are modeled/estimated, not individually surveyed."
Gulu,Northern,Acholi,72.4,61.5,31.4,81.9,60.8,31.2,73.7,60.7,31.0,71.6,59.5,28.3,66.5,58.0,29.6,73.2,60.1,30.3,"Sub-region baselines anchored to UBOS/UNICEF Uganda Annual Report 2024 (multidimensional poverty by sub-region), UBOS Adolescents & Youth in Uganda thematic report (female school non-attendance by sub-region, 2016), and UNIPH/UDHS ITN-use reporting patterns (2020-2021 mass LLIN campaign peak, post-campaign decline). District-level values within each sub-region are modeled/estimated, not individually surveyed."
Kaabong,Northern,Karamoja,77.3,87.5,53.1,85.3,84.3,52.7,82.4,83.1,53.2,74.1,83.6,52.0,69.9,82.5,51.0,77.8,84.2,52.4,"Sub-region baselines anchored to UBOS/UNICEF Uganda Annual Report 2024 (multidimensional poverty by sub-region), UBOS Adolescents & Youth in Uganda thematic report (female school non-attendance by sub-region, 2016), and UNIPH/UDHS ITN-use reporting patterns (2020-2021 mass LLIN campaign peak, post-campaign decline). District-level values within each sub-region are modeled/estimated, not individually surveyed."
Karenga,Northern,Karamoja,81.2,83.4,54.7,90.6,83.3,54.0,80.1,81.3,53.3,77.0,80.0,53.5,69.9,78.1,51.9,79.8,81.2,53.5,"Sub-region baselines anchored to UBOS/UNICEF Uganda Annual Report 2024 (multidimensional poverty by sub-region), UBOS Adolescents & Youth in Uganda thematic report (female school non-attendance by sub-region, 2016), and UNIPH/UDHS ITN-use reporting patterns (2020-2021 mass LLIN campaign peak, post-campaign decline). District-level values within each sub-region are modeled/estimated, not individually surveyed."
Kitgum,Northern,Acholi,75.0,65.1,28.9,83.2,64.9,26.9,78.8,64.7,25.4,71.5,64.7,26.3,66.8,61.6,26.5,75.1,64.2,26.8,"Sub-region baselines anchored to UBOS/UNICEF Uganda Annual Report 2024 (multidimensional poverty by sub-region), UBOS Adolescents & Youth in Uganda thematic report (female school non-attendance by sub-region, 2016), and UNIPH/UDHS ITN-use reporting patterns (2020-2021 mass LLIN campaign peak, post-campaign decline). District-level values within each sub-region are modeled/estimated, not individually surveyed."
Koboko,Northern,West Nile,70.5,58.8,28.9,76.2,55.9,26.3,74.1,54.5,26.7,65.6,55.5,25.3,59.7,53.9,26.1,69.2,55.7,26.7,"Sub-region baselines anchored to UBOS/UNICEF Uganda Annual Report 2024 (multidimensional poverty by sub-region), UBOS Adolescents & Youth in Uganda thematic report (female school non-attendance by sub-region, 2016), and UNIPH/UDHS ITN-use reporting patterns (2020-2021 mass LLIN campaign peak, post-campaign decline). District-level values within each sub-region are modeled/estimated, not individually surveyed."
Kole,Northern,Lango,70.8,49.6,19.5,81.1,48.6,20.6,75.9,46.4,19.6,66.8,46.4,19.6,63.7,43.9,18.7,71.7,47.0,19.6,"Sub-region baselines anchored to UBOS/UNICEF Uganda Annual Report 2024 (multidimensional poverty by sub-region), UBOS Adolescents & Youth in Uganda thematic report (female school non-attendance by sub-region, 2016), and UNIPH/UDHS ITN-use reporting patterns (2020-2021 mass LLIN campaign peak, post-campaign decline). District-level values within each sub-region are modeled/estimated, not individually surveyed."
Kotido,Northern,Karamoja,80.7,85.8,54.0,89.1,85.5,51.4,79.8,82.4,51.1,74.5,80.7,51.1,71.3,79.8,50.8,79.1,82.8,51.7,"Sub-region baselines anchored to UBOS/UNICEF Uganda Annual Report 2024 (multidimensional poverty by sub-region), UBOS Adolescents & Youth in Uganda thematic report (female school non-attendance by sub-region, 2016), and UNIPH/UDHS ITN-use reporting patterns (2020-2021 mass LLIN campaign peak, post-campaign decline). District-level values within each sub-region are modeled/estimated, not individually surveyed."
Kwania,Northern,Lango,72.3,49.9,22.3,81.8,48.0,22.2,74.5,46.4,21.5,71.5,44.9,22.5,62.8,43.6,20.2,72.6,46.6,21.7,"Sub-region baselines anchored to UBOS/UNICEF Uganda Annual Report 2024 (multidimensional poverty by sub-region), UBOS Adolescents & Youth in Uganda thematic report (female school non-attendance by sub-region, 2016), and UNIPH/UDHS ITN-use reporting patterns (2020-2021 mass LLIN campaign peak, post-campaign decline). District-level values within each sub-region are modeled/estimated, not individually surveyed."
Lamwo,Northern,Acholi,72.7,63.6,31.5,83.0,62.4,28.8,75.2,61.3,28.1,69.1,59.4,29.6,63.8,60.3,26.8,72.8,61.4,29.0,"Sub-region baselines anchored to UBOS/UNICEF Uganda Annual Report 2024 (multidimensional poverty by sub-region), UBOS Adolescents & Youth in Uganda thematic report (female school non-attendance by sub-region, 2016), and UNIPH/UDHS ITN-use reporting patterns (2020-2021 mass LLIN campaign peak, post-campaign decline). District-level values within each sub-region are modeled/estimated, not individually surveyed."
Lira,Northern,Lango,70.4,51.5,22.2,77.6,51.6,19.0,74.2,47.8,19.3,71.6,47.3,17.8,63.2,47.9,19.0,71.4,49.2,19.5,"Sub-region baselines anchored to UBOS/UNICEF Uganda Annual Report 2024 (multidimensional poverty by sub-region), UBOS Adolescents & Youth in Uganda thematic report (female school non-attendance by sub-region, 2016), and UNIPH/UDHS ITN-use reporting patterns (2020-2021 mass LLIN campaign peak, post-campaign decline). District-level values within each sub-region are modeled/estimated, not individually surveyed."
Madi-Okollo,Northern,West Nile,70.0,57.8,30.0,76.5,57.9,27.6,72.1,54.4,27.0,68.1,54.7,27.6,64.0,54.5,27.9,70.1,55.9,28.0,"Sub-region baselines anchored to UBOS/UNICEF Uganda Annual Report 2024 (multidimensional poverty by sub-region), UBOS Adolescents & Youth in Uganda thematic report (female school non-attendance by sub-region, 2016), and UNIPH/UDHS ITN-use reporting patterns (2020-2021 mass LLIN campaign peak, post-campaign decline). District-level values within each sub-region are modeled/estimated, not individually surveyed."
Maracha,Northern,West Nile,69.3,55.7,28.7,79.5,56.1,29.3,72.6,54.8,27.9,68.8,52.9,25.8,62.7,51.7,27.4,70.6,54.2,27.8,"Sub-region baselines anchored to UBOS/UNICEF Uganda Annual Report 2024 (multidimensional poverty by sub-region), UBOS Adolescents & Youth in Uganda thematic report (female school non-attendance by sub-region, 2016), and UNIPH/UDHS ITN-use reporting patterns (2020-2021 mass LLIN campaign peak, post-campaign decline). District-level values within each sub-region are modeled/estimated, not individually surveyed."
Moroto,Northern,Karamoja,76.3,84.0,55.3,90.3,83.6,56.1,82.1,80.2,54.5,76.1,80.4,55.6,68.2,79.6,54.8,78.6,81.6,55.3,"Sub-region baselines anchored to UBOS/UNICEF Uganda Annual Report 2024 (multidimensional poverty by sub-region), UBOS Adolescents & Youth in Uganda thematic report (female school non-attendance by sub-region, 2016), and UNIPH/UDHS ITN-use reporting patterns (2020-2021 mass LLIN campaign peak, post-campaign decline). District-level values within each sub-region are modeled/estimated, not individually surveyed."
Moyo,Northern,West Nile,67.4,54.4,29.4,77.4,52.7,30.0,74.7,51.2,28.7,67.5,51.5,27.8,62.0,49.5,27.9,69.8,51.9,28.8,"Sub-region baselines anchored to UBOS/UNICEF Uganda Annual Report 2024 (multidimensional poverty by sub-region), UBOS Adolescents & Youth in Uganda thematic report (female school non-attendance by sub-region, 2016), and UNIPH/UDHS ITN-use reporting patterns (2020-2021 mass LLIN campaign peak, post-campaign decline). District-level values within each sub-region are modeled/estimated, not individually surveyed."
Nabilatuk,Northern,Karamoja,79.5,88.2,58.3,86.7,86.3,55.1,82.2,86.6,55.8,77.6,84.0,54.4,70.9,84.0,55.0,79.4,85.8,55.7,"Sub-region baselines anchored to UBOS/UNICEF Uganda Annual Report 2024 (multidimensional poverty by sub-region), UBOS Adolescents & Youth in Uganda thematic report (female school non-attendance by sub-region, 2016), and UNIPH/UDHS ITN-use reporting patterns (2020-2021 mass LLIN campaign peak, post-campaign decline). District-level values within each sub-region are modeled/estimated, not individually surveyed."
Nakapiripirit,Northern,Karamoja,76.9,82.5,54.9,87.8,82.2,55.3,83.9,80.1,54.9,75.0,80.4,55.8,70.9,79.1,53.2,78.9,80.9,54.8,"Sub-region baselines anchored to UBOS/UNICEF Uganda Annual Report 2024 (multidimensional poverty by sub-region), UBOS Adolescents & Youth in Uganda thematic report (female school non-attendance by sub-region, 2016), and UNIPH/UDHS ITN-use reporting patterns (2020-2021 mass LLIN campaign peak, post-campaign decline). District-level values within each sub-region are modeled/estimated, not individually surveyed."
Napak,Northern,Karamoja,77.5,83.4,54.1,87.3,82.9,55.7,84.0,81.9,55.0,77.3,80.9,53.0,73.3,79.5,53.7,79.9,81.7,54.3,"Sub-region baselines anchored to UBOS/UNICEF Uganda Annual Report 2024 (multidimensional poverty by sub-region), UBOS Adolescents & Youth in Uganda thematic report (female school non-attendance by sub-region, 2016), and UNIPH/UDHS ITN-use reporting patterns (2020-2021 mass LLIN campaign peak, post-campaign decline). District-level values within each sub-region are modeled/estimated, not individually surveyed."
Nebbi,Northern,West Nile,67.4,54.3,30.9,75.2,55.1,31.1,72.0,53.1,29.9,69.4,52.2,30.2,64.9,50.6,28.5,69.8,53.1,30.1,"Sub-region baselines anchored to UBOS/UNICEF Uganda Annual Report 2024 (multidimensional poverty by sub-region), UBOS Adolescents & Youth in Uganda thematic report (female school non-attendance by sub-region, 2016), and UNIPH/UDHS ITN-use reporting patterns (2020-2021 mass LLIN campaign peak, post-campaign decline). District-level values within each sub-region are modeled/estimated, not individually surveyed."
Nwoya,Northern,Acholi,71.8,61.8,29.7,83.3,60.5,28.7,74.3,61.7,28.9,68.3,61.0,28.3,62.8,59.4,26.7,72.1,60.9,28.5,"Sub-region baselines anchored to UBOS/UNICEF Uganda Annual Report 2024 (multidimensional poverty by sub-region), UBOS Adolescents & Youth in Uganda thematic report (female school non-attendance by sub-region, 2016), and UNIPH/UDHS ITN-use reporting patterns (2020-2021 mass LLIN campaign peak, post-campaign decline). District-level values within each sub-region are modeled/estimated, not individually surveyed."
Obongi,Northern,West Nile,70.9,52.9,25.5,77.0,51.8,25.3,72.6,48.6,24.3,66.9,49.0,24.6,62.3,47.3,25.4,69.9,49.9,25.0,"Sub-region baselines anchored to UBOS/UNICEF Uganda Annual Report 2024 (multidimensional poverty by sub-region), UBOS Adolescents & Youth in Uganda thematic report (female school non-attendance by sub-region, 2016), and UNIPH/UDHS ITN-use reporting patterns (2020-2021 mass LLIN campaign peak, post-campaign decline). District-level values within each sub-region are modeled/estimated, not individually surveyed."
Omoro,Northern,Acholi,72.8,65.9,30.5,83.1,65.1,31.6,76.2,64.7,29.3,72.9,61.9,30.4,63.5,61.4,28.6,73.7,63.8,30.1,"Sub-region baselines anchored to UBOS/UNICEF Uganda Annual Report 2024 (multidimensional poverty by sub-region), UBOS Adolescents & Youth in Uganda thematic report (female school non-attendance by sub-region, 2016), and UNIPH/UDHS ITN-use reporting patterns (2020-2021 mass LLIN campaign peak, post-campaign decline). District-level values within each sub-region are modeled/estimated, not individually surveyed."
Otuke,Northern,Lango,73.1,51.0,23.0,77.2,49.0,23.4,76.2,50.7,22.2,69.9,47.4,23.2,66.3,47.7,22.1,72.5,49.2,22.8,"Sub-region baselines anchored to UBOS/UNICEF Uganda Annual Report 2024 (multidimensional poverty by sub-region), UBOS Adolescents & Youth in Uganda thematic report (female school non-attendance by sub-region, 2016), and UNIPH/UDHS ITN-use reporting patterns (2020-2021 mass LLIN campaign peak, post-campaign decline). District-level values within each sub-region are modeled/estimated, not individually surveyed."
Oyam,Northern,Lango,71.8,48.6,22.6,78.0,48.5,22.1,76.2,47.3,20.3,68.0,47.2,20.2,62.6,43.9,21.2,71.3,47.1,21.3,"Sub-region baselines anchored to UBOS/UNICEF Uganda Annual Report 2024 (multidimensional poverty by sub-region), UBOS Adolescents & Youth in Uganda thematic report (female school non-attendance by sub-region, 2016), and UNIPH/UDHS ITN-use reporting patterns (2020-2021 mass LLIN campaign peak, post-campaign decline). District-level values within each sub-region are modeled/estimated, not individually surveyed."
Pader,Northern,Acholi,73.0,62.0,32.3,80.2,60.4,30.1,77.1,58.1,32.0,68.6,57.4,29.8,66.0,57.0,30.1,73.0,59.0,30.9,"Sub-region baselines anchored to UBOS/UNICEF Uganda Annual Report 2024 (multidimensional poverty by sub-region), UBOS Adolescents & Youth in Uganda thematic report (female school non-attendance by sub-region, 2016), and UNIPH/UDHS ITN-use reporting patterns (2020-2021 mass LLIN campaign peak, post-campaign decline). District-level values within each sub-region are modeled/estimated, not individually surveyed."
Pakwach,Northern,West Nile,68.4,55.6,24.9,76.3,55.7,24.3,72.5,54.4,25.9,64.1,54.3,24.7,60.5,52.2,24.4,68.4,54.4,24.8,"Sub-region baselines anchored to UBOS/UNICEF Uganda Annual Report 2024 (multidimensional poverty by sub-region), UBOS Adolescents & Youth in Uganda thematic report (female school non-attendance by sub-region, 2016), and UNIPH/UDHS ITN-use reporting patterns (2020-2021 mass LLIN campaign peak, post-campaign decline). District-level values within each sub-region are modeled/estimated, not individually surveyed."
Terego,Northern,West Nile,71.2,54.5,29.1,80.0,51.2,28.7,71.5,50.4,29.9,66.2,49.0,26.7,63.6,49.7,26.3,70.5,51.0,28.1,"Sub-region baselines anchored to UBOS/UNICEF Uganda Annual Report 2024 (multidimensional poverty by sub-region), UBOS Adolescents & Youth in Uganda thematic report (female school non-attendance by sub-region, 2016), and UNIPH/UDHS ITN-use reporting patterns (2020-2021 mass LLIN campaign peak, post-campaign decline). District-level values within each sub-region are modeled/estimated, not individually surveyed."
Yumbe,Northern,West Nile,70.2,53.3,26.3,75.8,53.8,26.3,74.8,53.0,25.8,67.6,52.5,26.2,63.1,51.2,26.7,70.3,52.8,26.3,"Sub-region baselines anchored to UBOS/UNICEF Uganda Annual Report 2024 (multidimensional poverty by sub-region), UBOS Adolescents & Youth in Uganda thematic report (female school non-attendance by sub-region, 2016), and UNIPH/UDHS ITN-use reporting patterns (2020-2021 mass LLIN campaign peak, post-campaign decline). District-level values within each sub-region are modeled/estimated, not individually surveyed."
Zombo,Northern,West Nile,69.2,53.2,28.2,80.3,51.6,26.7,72.7,52.5,26.7,68.3,51.5,26.8,60.1,49.2,26.3,70.1,51.6,26.9,"Sub-region baselines anchored to UBOS/UNICEF Uganda Annual Report 2024 (multidimensional poverty by sub-region), UBOS Adolescents & Youth in Uganda thematic report (female school non-attendance by sub-region, 2016), and UNIPH/UDHS ITN-use reporting patterns (2020-2021 mass LLIN campaign peak, post-campaign decline). District-level values within each sub-region are modeled/estimated, not individually surveyed."
Buhweju,Western,Ankole,47.6,25.3,10.2,56.7,24.6,10.0,53.4,25.4,10.1,46.9,24.0,9.1,44.8,21.0,7.9,49.9,24.1,9.5,"Sub-region baselines anchored to UBOS/UNICEF Uganda Annual Report 2024 (multidimensional poverty by sub-region), UBOS Adolescents & Youth in Uganda thematic report (female school non-attendance by sub-region, 2016), and UNIPH/UDHS ITN-use reporting patterns (2020-2021 mass LLIN campaign peak, post-campaign decline). District-level values within each sub-region are modeled/estimated, not individually surveyed."
Buliisa,Western,Bunyoro,53.8,36.4,8.5,62.6,36.2,7.9,59.4,33.9,7.0,50.4,35.2,7.4,48.7,33.4,6.0,55.0,35.0,7.4,"Sub-region baselines anchored to UBOS/UNICEF Uganda Annual Report 2024 (multidimensional poverty by sub-region), UBOS Adolescents & Youth in Uganda thematic report (female school non-attendance by sub-region, 2016), and UNIPH/UDHS ITN-use reporting patterns (2020-2021 mass LLIN campaign peak, post-campaign decline). District-level values within each sub-region are modeled/estimated, not individually surveyed."
Bundibugyo,Western,Tooro,51.5,29.8,9.7,59.2,30.7,7.1,55.7,29.5,8.0,51.5,28.7,6.7,47.2,27.8,7.9,53.0,29.3,7.9,"Sub-region baselines anchored to UBOS/UNICEF Uganda Annual Report 2024 (multidimensional poverty by sub-region), UBOS Adolescents & Youth in Uganda thematic report (female school non-attendance by sub-region, 2016), and UNIPH/UDHS ITN-use reporting patterns (2020-2021 mass LLIN campaign peak, post-campaign decline). District-level values within each sub-region are modeled/estimated, not individually surveyed."
Bunyangabu,Western,Tooro,51.6,31.8,13.4,55.8,30.7,12.8,54.8,30.1,13.7,52.6,28.3,12.3,46.7,28.0,13.6,52.3,29.8,13.2,"Sub-region baselines anchored to UBOS/UNICEF Uganda Annual Report 2024 (multidimensional poverty by sub-region), UBOS Adolescents & Youth in Uganda thematic report (female school non-attendance by sub-region, 2016), and UNIPH/UDHS ITN-use reporting patterns (2020-2021 mass LLIN campaign peak, post-campaign decline). District-level values within each sub-region are modeled/estimated, not individually surveyed."
Bushenyi,Western,Ankole,48.4,23.1,11.1,53.6,21.9,10.5,50.3,21.2,7.9,50.2,21.8,9.2,41.3,18.5,8.4,48.8,21.3,9.4,"Sub-region baselines anchored to UBOS/UNICEF Uganda Annual Report 2024 (multidimensional poverty by sub-region), UBOS Adolescents & Youth in Uganda thematic report (female school non-attendance by sub-region, 2016), and UNIPH/UDHS ITN-use reporting patterns (2020-2021 mass LLIN campaign peak, post-campaign decline). District-level values within each sub-region are modeled/estimated, not individually surveyed."
Hoima,Western,Bunyoro,58.3,37.3,8.7,63.7,37.1,6.1,54.7,35.5,8.4,50.5,34.2,5.5,50.7,31.9,6.8,55.6,35.2,7.1,"Sub-region baselines anchored to UBOS/UNICEF Uganda Annual Report 2024 (multidimensional poverty by sub-region), UBOS Adolescents & Youth in Uganda thematic report (female school non-attendance by sub-region, 2016), and UNIPH/UDHS ITN-use reporting patterns (2020-2021 mass LLIN campaign peak, post-campaign decline). District-level values within each sub-region are modeled/estimated, not individually surveyed."
Ibanda,Western,Ankole,47.7,25.6,10.0,55.4,24.9,10.1,51.9,25.0,10.0,48.6,22.8,8.7,46.8,22.7,7.4,50.1,24.2,9.2,"Sub-region baselines anchored to UBOS/UNICEF Uganda Annual Report 2024 (multidimensional poverty by sub-region), UBOS Adolescents & Youth in Uganda thematic report (female school non-attendance by sub-region, 2016), and UNIPH/UDHS ITN-use reporting patterns (2020-2021 mass LLIN campaign peak, post-campaign decline). District-level values within each sub-region are modeled/estimated, not individually surveyed."
Isingiro,Western,Ankole,48.7,24.7,8.6,53.9,23.4,8.1,51.0,22.3,6.1,49.5,20.3,4.6,45.6,21.7,4.1,49.7,22.5,6.3,"Sub-region baselines anchored to UBOS/UNICEF Uganda Annual Report 2024 (multidimensional poverty by sub-region), UBOS Adolescents & Youth in Uganda thematic report (female school non-attendance by sub-region, 2016), and UNIPH/UDHS ITN-use reporting patterns (2020-2021 mass LLIN campaign peak, post-campaign decline). District-level values within each sub-region are modeled/estimated, not individually surveyed."
Kabale,Western,Kigezi,49.5,27.0,6.2,50.0,26.1,6.1,48.8,25.0,3.8,44.0,26.1,4.1,41.1,23.9,4.9,46.7,25.6,5.0,"Sub-region baselines anchored to UBOS/UNICEF Uganda Annual Report 2024 (multidimensional poverty by sub-region), UBOS Adolescents & Youth in Uganda thematic report (female school non-attendance by sub-region, 2016), and UNIPH/UDHS ITN-use reporting patterns (2020-2021 mass LLIN campaign peak, post-campaign decline). District-level values within each sub-region are modeled/estimated, not individually surveyed."
Kabarole,Western,Tooro,54.0,30.6,14.9,56.5,28.7,13.8,56.4,27.1,13.0,48.7,26.0,11.4,48.8,26.9,11.2,52.9,27.9,12.9,"Sub-region baselines anchored to UBOS/UNICEF Uganda Annual Report 2024 (multidimensional poverty by sub-region), UBOS Adolescents & Youth in Uganda thematic report (female school non-attendance by sub-region, 2016), and UNIPH/UDHS ITN-use reporting patterns (2020-2021 mass LLIN campaign peak, post-campaign decline). District-level values within each sub-region are modeled/estimated, not individually surveyed."
Kagadi,Western,Bunyoro,56.0,32.0,9.1,63.5,32.2,6.9,56.7,31.2,6.5,54.8,29.1,6.0,50.8,28.5,5.4,56.4,30.6,6.8,"Sub-region baselines anchored to UBOS/UNICEF Uganda Annual Report 2024 (multidimensional poverty by sub-region), UBOS Adolescents & Youth in Uganda thematic report (female school non-attendance by sub-region, 2016), and UNIPH/UDHS ITN-use reporting patterns (2020-2021 mass LLIN campaign peak, post-campaign decline). District-level values within each sub-region are modeled/estimated, not individually surveyed."
Kakumiro,Western,Bunyoro,54.4,34.1,11.1,63.3,33.4,10.2,59.9,33.4,9.3,52.5,31.3,10.1,51.8,31.3,9.0,56.4,32.7,9.9,"Sub-region baselines anchored to UBOS/UNICEF Uganda Annual Report 2024 (multidimensional poverty by sub-region), UBOS Adolescents & Youth in Uganda thematic report (female school non-attendance by sub-region, 2016), and UNIPH/UDHS ITN-use reporting patterns (2020-2021 mass LLIN campaign peak, post-campaign decline). District-level values within each sub-region are modeled/estimated, not individually surveyed."
Kamwenge,Western,Tooro,52.7,32.5,9.1,58.2,32.1,9.5,54.8,29.4,9.6,51.6,28.1,6.8,47.6,27.3,6.2,53.0,29.9,8.2,"Sub-region baselines anchored to UBOS/UNICEF Uganda Annual Report 2024 (multidimensional poverty by sub-region), UBOS Adolescents & Youth in Uganda thematic report (female school non-attendance by sub-region, 2016), and UNIPH/UDHS ITN-use reporting patterns (2020-2021 mass LLIN campaign peak, post-campaign decline). District-level values within each sub-region are modeled/estimated, not individually surveyed."
Kanungu,Western,Kigezi,45.8,28.0,10.0,54.5,26.2,8.2,50.7,24.6,6.9,45.6,23.9,8.1,39.3,22.6,6.8,47.2,25.1,8.0,"Sub-region baselines anchored to UBOS/UNICEF Uganda Annual Report 2024 (multidimensional poverty by sub-region), UBOS Adolescents & Youth in Uganda thematic report (female school non-attendance by sub-region, 2016), and UNIPH/UDHS ITN-use reporting patterns (2020-2021 mass LLIN campaign peak, post-campaign decline). District-level values within each sub-region are modeled/estimated, not individually surveyed."
Kasese,Western,Tooro,49.8,28.1,10.3,57.3,28.0,11.4,54.8,26.1,9.6,51.7,23.7,9.1,44.0,24.0,7.8,51.5,26.0,9.6,"Sub-region baselines anchored to UBOS/UNICEF Uganda Annual Report 2024 (multidimensional poverty by sub-region), UBOS Adolescents & Youth in Uganda thematic report (female school non-attendance by sub-region, 2016), and UNIPH/UDHS ITN-use reporting patterns (2020-2021 mass LLIN campaign peak, post-campaign decline). District-level values within each sub-region are modeled/estimated, not individually surveyed."
Kazo,Western,Ankole,51.6,25.1,4.8,57.8,23.0,6.8,53.2,20.4,4.7,47.2,20.1,4.3,42.3,19.7,4.3,50.4,21.7,5.0,"Sub-region baselines anchored to UBOS/UNICEF Uganda Annual Report 2024 (multidimensional poverty by sub-region), UBOS Adolescents & Youth in Uganda thematic report (female school non-attendance by sub-region, 2016), and UNIPH/UDHS ITN-use reporting patterns (2020-2021 mass LLIN campaign peak, post-campaign decline). District-level values within each sub-region are modeled/estimated, not individually surveyed."
Kibaale,Western,Bunyoro,56.6,32.9,9.7,64.0,34.0,9.3,58.8,32.4,7.2,53.1,31.4,8.1,48.2,29.4,5.5,56.1,32.0,8.0,"Sub-region baselines anchored to UBOS/UNICEF Uganda Annual Report 2024 (multidimensional poverty by sub-region), UBOS Adolescents & Youth in Uganda thematic report (female school non-attendance by sub-region, 2016), and UNIPH/UDHS ITN-use reporting patterns (2020-2021 mass LLIN campaign peak, post-campaign decline). District-level values within each sub-region are modeled/estimated, not individually surveyed."
Kikuube,Western,Bunyoro,56.6,33.8,9.5,59.4,34.1,6.8,55.4,33.5,8.2,51.2,31.3,6.1,52.5,30.3,6.2,55.0,32.6,7.4,"Sub-region baselines anchored to UBOS/UNICEF Uganda Annual Report 2024 (multidimensional poverty by sub-region), UBOS Adolescents & Youth in Uganda thematic report (female school non-attendance by sub-region, 2016), and UNIPH/UDHS ITN-use reporting patterns (2020-2021 mass LLIN campaign peak, post-campaign decline). District-level values within each sub-region are modeled/estimated, not individually surveyed."
Kiruhura,Western,Ankole,51.6,22.9,4.8,55.7,23.3,6.3,50.1,22.3,6.0,48.7,20.2,5.1,42.9,20.6,3.0,49.8,21.9,5.0,"Sub-region baselines anchored to UBOS/UNICEF Uganda Annual Report 2024 (multidimensional poverty by sub-region), UBOS Adolescents & Youth in Uganda thematic report (female school non-attendance by sub-region, 2016), and UNIPH/UDHS ITN-use reporting patterns (2020-2021 mass LLIN campaign peak, post-campaign decline). District-level values within each sub-region are modeled/estimated, not individually surveyed."
Kiryandongo,Western,Bunyoro,57.4,35.5,8.7,61.4,35.5,9.1,58.6,34.2,8.4,56.2,35.0,7.2,47.3,33.3,6.5,56.2,34.7,8.0,"Sub-region baselines anchored to UBOS/UNICEF Uganda Annual Report 2024 (multidimensional poverty by sub-region), UBOS Adolescents & Youth in Uganda thematic report (female school non-attendance by sub-region, 2016), and UNIPH/UDHS ITN-use reporting patterns (2020-2021 mass LLIN campaign peak, post-campaign decline). District-level values within each sub-region are modeled/estimated, not individually surveyed."
Kisoro,Western,Kigezi,49.5,27.6,10.3,51.9,26.7,7.0,45.7,25.3,7.6,43.8,23.9,8.8,44.1,23.9,7.8,47.0,25.5,8.3,"Sub-region baselines anchored to UBOS/UNICEF Uganda Annual Report 2024 (multidimensional poverty by sub-region), UBOS Adolescents & Youth in Uganda thematic report (female school non-attendance by sub-region, 2016), and UNIPH/UDHS ITN-use reporting patterns (2020-2021 mass LLIN campaign peak, post-campaign decline). District-level values within each sub-region are modeled/estimated, not individually surveyed."
Kitagwenda,Western,Tooro,51.0,34.3,9.7,56.9,31.6,8.3,55.3,31.6,7.9,50.2,29.0,9.5,45.4,27.4,6.4,51.8,30.8,8.4,"Sub-region baselines anchored to UBOS/UNICEF Uganda Annual Report 2024 (multidimensional poverty by sub-region), UBOS Adolescents & Youth in Uganda thematic report (female school non-attendance by sub-region, 2016), and UNIPH/UDHS ITN-use reporting patterns (2020-2021 mass LLIN campaign peak, post-campaign decline). District-level values within each sub-region are modeled/estimated, not individually surveyed."
Kyegegwa,Western,Tooro,49.9,30.3,13.7,55.7,28.1,13.4,53.4,28.4,12.1,51.5,25.0,13.8,46.2,24.6,11.1,51.3,27.3,12.8,"Sub-region baselines anchored to UBOS/UNICEF Uganda Annual Report 2024 (multidimensional poverty by sub-region), UBOS Adolescents & Youth in Uganda thematic report (female school non-attendance by sub-region, 2016), and UNIPH/UDHS ITN-use reporting patterns (2020-2021 mass LLIN campaign peak, post-campaign decline). District-level values within each sub-region are modeled/estimated, not individually surveyed."
Kyenjojo,Western,Tooro,52.0,32.0,10.8,55.2,31.7,11.5,56.4,29.6,12.7,50.9,30.5,10.7,46.4,28.8,9.5,52.2,30.5,11.0,"Sub-region baselines anchored to UBOS/UNICEF Uganda Annual Report 2024 (multidimensional poverty by sub-region), UBOS Adolescents & Youth in Uganda thematic report (female school non-attendance by sub-region, 2016), and UNIPH/UDHS ITN-use reporting patterns (2020-2021 mass LLIN campaign peak, post-campaign decline). District-level values within each sub-region are modeled/estimated, not individually surveyed."
Masindi,Western,Bunyoro,57.6,35.1,12.0,63.5,36.2,11.0,58.8,33.6,9.5,55.0,33.4,9.3,46.7,32.3,8.5,56.3,34.1,10.1,"Sub-region baselines anchored to UBOS/UNICEF Uganda Annual Report 2024 (multidimensional poverty by sub-region), UBOS Adolescents & Youth in Uganda thematic report (female school non-attendance by sub-region, 2016), and UNIPH/UDHS ITN-use reporting patterns (2020-2021 mass LLIN campaign peak, post-campaign decline). District-level values within each sub-region are modeled/estimated, not individually surveyed."
Mbarara,Western,Ankole,50.8,23.3,7.9,55.4,21.4,8.0,52.4,21.7,6.2,49.3,21.7,5.2,41.2,19.7,4.5,49.8,21.6,6.4,"Sub-region baselines anchored to UBOS/UNICEF Uganda Annual Report 2024 (multidimensional poverty by sub-region), UBOS Adolescents & Youth in Uganda thematic report (female school non-attendance by sub-region, 2016), and UNIPH/UDHS ITN-use reporting patterns (2020-2021 mass LLIN campaign peak, post-campaign decline). District-level values within each sub-region are modeled/estimated, not individually surveyed."
Mitooma,Western,Ankole,48.5,27.7,5.0,56.4,25.2,4.3,48.3,26.0,6.5,49.0,22.8,3.7,43.2,23.7,4.6,49.1,25.1,4.8,"Sub-region baselines anchored to UBOS/UNICEF Uganda Annual Report 2024 (multidimensional poverty by sub-region), UBOS Adolescents & Youth in Uganda thematic report (female school non-attendance by sub-region, 2016), and UNIPH/UDHS ITN-use reporting patterns (2020-2021 mass LLIN campaign peak, post-campaign decline). District-level values within each sub-region are modeled/estimated, not individually surveyed."
Ntoroko,Western,Tooro,51.3,31.7,10.0,60.4,32.1,8.3,51.9,28.5,7.8,51.4,27.6,7.9,44.8,28.3,8.1,52.0,29.6,8.4,"Sub-region baselines anchored to UBOS/UNICEF Uganda Annual Report 2024 (multidimensional poverty by sub-region), UBOS Adolescents & Youth in Uganda thematic report (female school non-attendance by sub-region, 2016), and UNIPH/UDHS ITN-use reporting patterns (2020-2021 mass LLIN campaign peak, post-campaign decline). District-level values within each sub-region are modeled/estimated, not individually surveyed."
Ntungamo,Western,Ankole,47.1,26.0,10.8,52.8,27.4,9.3,52.3,24.2,8.0,48.6,24.1,7.3,42.0,22.9,7.8,48.6,24.9,8.6,"Sub-region baselines anchored to UBOS/UNICEF Uganda Annual Report 2024 (multidimensional poverty by sub-region), UBOS Adolescents & Youth in Uganda thematic report (female school non-attendance by sub-region, 2016), and UNIPH/UDHS ITN-use reporting patterns (2020-2021 mass LLIN campaign peak, post-campaign decline). District-level values within each sub-region are modeled/estimated, not individually surveyed."
Rubanda,Western,Kigezi,48.6,27.4,7.9,53.6,28.4,8.4,46.9,26.5,8.8,45.0,25.9,7.2,44.1,24.9,5.6,47.6,26.6,7.6,"Sub-region baselines anchored to UBOS/UNICEF Uganda Annual Report 2024 (multidimensional poverty by sub-region), UBOS Adolescents & Youth in Uganda thematic report (female school non-attendance by sub-region, 2016), and UNIPH/UDHS ITN-use reporting patterns (2020-2021 mass LLIN campaign peak, post-campaign decline). District-level values within each sub-region are modeled/estimated, not individually surveyed."
Rubirizi,Western,Ankole,50.7,22.8,8.6,57.3,22.8,7.3,49.7,20.5,7.5,45.3,20.2,5.7,43.6,19.3,6.4,49.3,21.1,7.1,"Sub-region baselines anchored to UBOS/UNICEF Uganda Annual Report 2024 (multidimensional poverty by sub-region), UBOS Adolescents & Youth in Uganda thematic report (female school non-attendance by sub-region, 2016), and UNIPH/UDHS ITN-use reporting patterns (2020-2021 mass LLIN campaign peak, post-campaign decline). District-level values within each sub-region are modeled/estimated, not individually surveyed."
Rukiga,Western,Kigezi,48.3,27.6,8.6,50.6,24.5,7.6,45.9,25.0,7.5,46.8,22.1,6.9,40.4,22.4,6.7,46.4,24.3,7.5,"Sub-region baselines anchored to UBOS/UNICEF Uganda Annual Report 2024 (multidimensional poverty by sub-region), UBOS Adolescents & Youth in Uganda thematic report (female school non-attendance by sub-region, 2016), and UNIPH/UDHS ITN-use reporting patterns (2020-2021 mass LLIN campaign peak, post-campaign decline). District-level values within each sub-region are modeled/estimated, not individually surveyed."
Rukungiri,Western,Kigezi,47.4,31.2,7.5,50.6,31.1,6.5,49.1,29.0,6.3,43.3,29.4,5.9,40.1,28.2,5.9,46.1,29.8,6.4,"Sub-region baselines anchored to UBOS/UNICEF Uganda Annual Report 2024 (multidimensional poverty by sub-region), UBOS Adolescents & Youth in Uganda thematic report (female school non-attendance by sub-region, 2016), and UNIPH/UDHS ITN-use reporting patterns (2020-2021 mass LLIN campaign peak, post-campaign decline). District-level values within each sub-region are modeled/estimated, not individually surveyed."
Rwampara,Western,Ankole,47.3,26.4,8.3,53.0,25.0,7.9,51.2,25.1,7.5,47.9,23.8,7.1,44.9,20.7,5.0,48.9,24.2,7.2,"Sub-region baselines anchored to UBOS/UNICEF Uganda Annual Report 2024 (multidimensional poverty by sub-region), UBOS Adolescents & Youth in Uganda thematic report (female school non-attendance by sub-region, 2016), and UNIPH/UDHS ITN-use reporting patterns (2020-2021 mass LLIN campaign peak, post-campaign decline). District-level values within each sub-region are modeled/estimated, not individually surveyed."
Sheema,Western,Ankole,47.0,24.1,6.7,52.5,22.3,5.9,50.2,21.2,5.7,46.9,22.9,5.8,43.7,20.3,5.4,48.1,22.2,5.9,"Sub-region baselines anchored to UBOS/UNICEF Uganda Annual Report 2024 (multidimensional poverty by sub-region), UBOS Adolescents & Youth in Uganda thematic report (female school non-attendance by sub-region, 2016), and UNIPH/UDHS ITN-use reporting patterns (2020-2021 mass LLIN campaign peak, post-campaign decline). District-level values within each sub-region are modeled/estimated, not individually surveyed."
Arua City,Northern,West Nile,67.4,52.1,26.9,80.1,52.4,25.3,70.9,50.7,24.9,66.6,48.0,24.0,63.1,48.0,23.5,69.6,50.2,24.9,"Sub-region baselines anchored to UBOS/UNICEF Uganda Annual Report 2024 (multidimensional poverty by sub-region), UBOS Adolescents & Youth in Uganda thematic report (female school non-attendance by sub-region, 2016), and UNIPH/UDHS ITN-use reporting patterns (2020-2021 mass LLIN campaign peak, post-campaign decline). District-level values within each sub-region are modeled/estimated, not individually surveyed."
Entebbe City,Central,South Central,53.4,16.7,3.4,60.3,15.5,3.2,52.5,13.7,2.5,48.3,12.4,1.5,49.2,12.0,0.5,52.7,14.1,2.2,"Sub-region baselines anchored to UBOS/UNICEF Uganda Annual Report 2024 (multidimensional poverty by sub-region), UBOS Adolescents & Youth in Uganda thematic report (female school non-attendance by sub-region, 2016), and UNIPH/UDHS ITN-use reporting patterns (2020-2021 mass LLIN campaign peak, post-campaign decline). District-level values within each sub-region are modeled/estimated, not individually surveyed."
Fort Portal City,Western,Tooro,52.4,30.3,8.7,57.9,28.4,9.1,51.6,29.4,8.6,47.7,28.8,7.1,46.0,26.0,8.3,51.1,28.6,8.4,"Sub-region baselines anchored to UBOS/UNICEF Uganda Annual Report 2024 (multidimensional poverty by sub-region), UBOS Adolescents & Youth in Uganda thematic report (female school non-attendance by sub-region, 2016), and UNIPH/UDHS ITN-use reporting patterns (2020-2021 mass LLIN campaign peak, post-campaign decline). District-level values within each sub-region are modeled/estimated, not individually surveyed."
Gulu City,Northern,Acholi,72.1,64.4,28.7,83.4,62.4,29.6,75.0,60.3,28.7,71.7,59.8,29.1,67.8,60.0,28.4,74.0,61.4,28.9,"Sub-region baselines anchored to UBOS/UNICEF Uganda Annual Report 2024 (multidimensional poverty by sub-region), UBOS Adolescents & Youth in Uganda thematic report (female school non-attendance by sub-region, 2016), and UNIPH/UDHS ITN-use reporting patterns (2020-2021 mass LLIN campaign peak, post-campaign decline). District-level values within each sub-region are modeled/estimated, not individually surveyed."
Hoima City,Western,Bunyoro,54.0,37.1,6.9,59.3,35.0,7.7,55.8,35.0,5.9,55.5,34.0,6.4,50.0,31.7,3.9,54.9,34.6,6.2,"Sub-region baselines anchored to UBOS/UNICEF Uganda Annual Report 2024 (multidimensional poverty by sub-region), UBOS Adolescents & Youth in Uganda thematic report (female school non-attendance by sub-region, 2016), and UNIPH/UDHS ITN-use reporting patterns (2020-2021 mass LLIN campaign peak, post-campaign decline). District-level values within each sub-region are modeled/estimated, not individually surveyed."
Jinja City,Eastern,Busoga,62.5,40.4,19.0,68.2,39.2,18.6,66.0,39.5,16.3,60.4,38.0,18.7,54.3,36.9,17.5,62.3,38.8,18.0,"Sub-region baselines anchored to UBOS/UNICEF Uganda Annual Report 2024 (multidimensional poverty by sub-region), UBOS Adolescents & Youth in Uganda thematic report (female school non-attendance by sub-region, 2016), and UNIPH/UDHS ITN-use reporting patterns (2020-2021 mass LLIN campaign peak, post-campaign decline). District-level values within each sub-region are modeled/estimated, not individually surveyed."
Lira City,Northern,Lango,72.1,48.2,21.4,78.3,45.8,20.4,71.4,44.8,21.1,67.1,45.2,18.2,65.5,44.6,19.4,70.9,45.7,20.1,"Sub-region baselines anchored to UBOS/UNICEF Uganda Annual Report 2024 (multidimensional poverty by sub-region), UBOS Adolescents & Youth in Uganda thematic report (female school non-attendance by sub-region, 2016), and UNIPH/UDHS ITN-use reporting patterns (2020-2021 mass LLIN campaign peak, post-campaign decline). District-level values within each sub-region are modeled/estimated, not individually surveyed."
Masaka City,Central,South Central,55.1,17.6,6.1,56.2,17.5,5.5,52.8,16.7,6.3,48.2,14.1,7.1,44.2,13.8,6.3,51.3,15.9,6.3,"Sub-region baselines anchored to UBOS/UNICEF Uganda Annual Report 2024 (multidimensional poverty by sub-region), UBOS Adolescents & Youth in Uganda thematic report (female school non-attendance by sub-region, 2016), and UNIPH/UDHS ITN-use reporting patterns (2020-2021 mass LLIN campaign peak, post-campaign decline). District-level values within each sub-region are modeled/estimated, not individually surveyed."
Mbale City,Eastern,Bugisu,61.9,42.0,14.2,67.4,40.8,13.1,60.7,38.4,13.0,59.7,37.3,10.2,54.2,35.9,11.3,60.8,38.9,12.4,"Sub-region baselines anchored to UBOS/UNICEF Uganda Annual Report 2024 (multidimensional poverty by sub-region), UBOS Adolescents & Youth in Uganda thematic report (female school non-attendance by sub-region, 2016), and UNIPH/UDHS ITN-use reporting patterns (2020-2021 mass LLIN campaign peak, post-campaign decline). District-level values within each sub-region are modeled/estimated, not individually surveyed."
Mbarara City,Western,Ankole,46.5,23.6,9.9,56.1,22.5,8.8,51.4,20.4,7.3,48.1,21.8,8.5,42.5,20.2,6.4,48.9,21.7,8.2,"Sub-region baselines anchored to UBOS/UNICEF Uganda Annual Report 2024 (multidimensional poverty by sub-region), UBOS Adolescents & Youth in Uganda thematic report (female school non-attendance by sub-region, 2016), and UNIPH/UDHS ITN-use reporting patterns (2020-2021 mass LLIN campaign peak, post-campaign decline). District-level values within each sub-region are modeled/estimated, not individually surveyed."
