District,Region,Year,Elevation_m,Data_Source
Buikwe,Central,2020,1170,"Estimated (regional topography pattern, no direct source found)"
Buikwe,Central,2021,1170,"Estimated (regional topography pattern, no direct source found)"
Buikwe,Central,2022,1170,"Estimated (regional topography pattern, no direct source found)"
Buikwe,Central,2023,1170,"Estimated (regional topography pattern, no direct source found)"
Buikwe,Central,2024,1170,"Estimated (regional topography pattern, no direct source found)"
Bukomansimbi,Central,2020,1300,"Estimated (regional topography pattern, no direct source found)"
Bukomansimbi,Central,2021,1300,"Estimated (regional topography pattern, no direct source found)"
Bukomansimbi,Central,2022,1300,"Estimated (regional topography pattern, no direct source found)"
Bukomansimbi,Central,2023,1300,"Estimated (regional topography pattern, no direct source found)"
Bukomansimbi,Central,2024,1300,"Estimated (regional topography pattern, no direct source found)"
Butambala,Central,2020,1200,"Estimated (regional topography pattern, no direct source found)"
Butambala,Central,2021,1200,"Estimated (regional topography pattern, no direct source found)"
Butambala,Central,2022,1200,"Estimated (regional topography pattern, no direct source found)"
Butambala,Central,2023,1200,"Estimated (regional topography pattern, no direct source found)"
Butambala,Central,2024,1200,"Estimated (regional topography pattern, no direct source found)"
Buvuma,Central,2020,1140,"Estimated (regional topography pattern, no direct source found)"
Buvuma,Central,2021,1140,"Estimated (regional topography pattern, no direct source found)"
Buvuma,Central,2022,1140,"Estimated (regional topography pattern, no direct source found)"
Buvuma,Central,2023,1140,"Estimated (regional topography pattern, no direct source found)"
Buvuma,Central,2024,1140,"Estimated (regional topography pattern, no direct source found)"
Gomba,Central,2020,1300,"Estimated (regional topography pattern, no direct source found)"
Gomba,Central,2021,1300,"Estimated (regional topography pattern, no direct source found)"
Gomba,Central,2022,1300,"Estimated (regional topography pattern, no direct source found)"
Gomba,Central,2023,1300,"Estimated (regional topography pattern, no direct source found)"
Gomba,Central,2024,1300,"Estimated (regional topography pattern, no direct source found)"
Kalangala,Central,2020,1160,"Estimated (regional topography pattern, no direct source found)"
Kalangala,Central,2021,1160,"Estimated (regional topography pattern, no direct source found)"
Kalangala,Central,2022,1160,"Estimated (regional topography pattern, no direct source found)"
Kalangala,Central,2023,1160,"Estimated (regional topography pattern, no direct source found)"
Kalangala,Central,2024,1160,"Estimated (regional topography pattern, no direct source found)"
Kalungu,Central,2020,1250,"Estimated (regional topography pattern, no direct source found)"
Kalungu,Central,2021,1250,"Estimated (regional topography pattern, no direct source found)"
Kalungu,Central,2022,1250,"Estimated (regional topography pattern, no direct source found)"
Kalungu,Central,2023,1250,"Estimated (regional topography pattern, no direct source found)"
Kalungu,Central,2024,1250,"Estimated (regional topography pattern, no direct source found)"
Kampala,Central,2020,1190,"Estimated (regional topography pattern, no direct source found)"
Kampala,Central,2021,1190,"Estimated (regional topography pattern, no direct source found)"
Kampala,Central,2022,1190,"Estimated (regional topography pattern, no direct source found)"
Kampala,Central,2023,1190,"Estimated (regional topography pattern, no direct source found)"
Kampala,Central,2024,1190,"Estimated (regional topography pattern, no direct source found)"
Kasanda,Central,2020,1280,"Estimated (regional topography pattern, no direct source found)"
Kasanda,Central,2021,1280,"Estimated (regional topography pattern, no direct source found)"
Kasanda,Central,2022,1280,"Estimated (regional topography pattern, no direct source found)"
Kasanda,Central,2023,1280,"Estimated (regional topography pattern, no direct source found)"
Kasanda,Central,2024,1280,"Estimated (regional topography pattern, no direct source found)"
Kayunga,Central,2020,1130,"Estimated (regional topography pattern, no direct source found)"
Kayunga,Central,2021,1130,"Estimated (regional topography pattern, no direct source found)"
Kayunga,Central,2022,1130,"Estimated (regional topography pattern, no direct source found)"
Kayunga,Central,2023,1130,"Estimated (regional topography pattern, no direct source found)"
Kayunga,Central,2024,1130,"Estimated (regional topography pattern, no direct source found)"
Kiboga,Central,2020,1600,Confirmed (Wikipedia district/town infobox)
Kiboga,Central,2021,1600,Confirmed (Wikipedia district/town infobox)
Kiboga,Central,2022,1600,Confirmed (Wikipedia district/town infobox)
Kiboga,Central,2023,1600,Confirmed (Wikipedia district/town infobox)
Kiboga,Central,2024,1600,Confirmed (Wikipedia district/town infobox)
Kyankwanzi,Central,2020,1350,"Estimated (regional topography pattern, no direct source found)"
Kyankwanzi,Central,2021,1350,"Estimated (regional topography pattern, no direct source found)"
Kyankwanzi,Central,2022,1350,"Estimated (regional topography pattern, no direct source found)"
Kyankwanzi,Central,2023,1350,"Estimated (regional topography pattern, no direct source found)"
Kyankwanzi,Central,2024,1350,"Estimated (regional topography pattern, no direct source found)"
Kyotera,Central,2020,1250,"Estimated (regional topography pattern, no direct source found)"
Kyotera,Central,2021,1250,"Estimated (regional topography pattern, no direct source found)"
Kyotera,Central,2022,1250,"Estimated (regional topography pattern, no direct source found)"
Kyotera,Central,2023,1250,"Estimated (regional topography pattern, no direct source found)"
Kyotera,Central,2024,1250,"Estimated (regional topography pattern, no direct source found)"
Luweero,Central,2020,1250,"Estimated (regional topography pattern, no direct source found)"
Luweero,Central,2021,1250,"Estimated (regional topography pattern, no direct source found)"
Luweero,Central,2022,1250,"Estimated (regional topography pattern, no direct source found)"
Luweero,Central,2023,1250,"Estimated (regional topography pattern, no direct source found)"
Luweero,Central,2024,1250,"Estimated (regional topography pattern, no direct source found)"
Lwengo,Central,2020,1300,"Estimated (regional topography pattern, no direct source found)"
Lwengo,Central,2021,1300,"Estimated (regional topography pattern, no direct source found)"
Lwengo,Central,2022,1300,"Estimated (regional topography pattern, no direct source found)"
Lwengo,Central,2023,1300,"Estimated (regional topography pattern, no direct source found)"
Lwengo,Central,2024,1300,"Estimated (regional topography pattern, no direct source found)"
Lyantonde,Central,2020,1400,"Estimated (regional topography pattern, no direct source found)"
Lyantonde,Central,2021,1400,"Estimated (regional topography pattern, no direct source found)"
Lyantonde,Central,2022,1400,"Estimated (regional topography pattern, no direct source found)"
Lyantonde,Central,2023,1400,"Estimated (regional topography pattern, no direct source found)"
Lyantonde,Central,2024,1400,"Estimated (regional topography pattern, no direct source found)"
Masaka,Central,2020,1300,"Estimated (regional topography pattern, no direct source found)"
Masaka,Central,2021,1300,"Estimated (regional topography pattern, no direct source found)"
Masaka,Central,2022,1300,"Estimated (regional topography pattern, no direct source found)"
Masaka,Central,2023,1300,"Estimated (regional topography pattern, no direct source found)"
Masaka,Central,2024,1300,"Estimated (regional topography pattern, no direct source found)"
Mityana,Central,2020,1300,"Estimated (regional topography pattern, no direct source found)"
Mityana,Central,2021,1300,"Estimated (regional topography pattern, no direct source found)"
Mityana,Central,2022,1300,"Estimated (regional topography pattern, no direct source found)"
Mityana,Central,2023,1300,"Estimated (regional topography pattern, no direct source found)"
Mityana,Central,2024,1300,"Estimated (regional topography pattern, no direct source found)"
Mpigi,Central,2020,1200,"Estimated (regional topography pattern, no direct source found)"
Mpigi,Central,2021,1200,"Estimated (regional topography pattern, no direct source found)"
Mpigi,Central,2022,1200,"Estimated (regional topography pattern, no direct source found)"
Mpigi,Central,2023,1200,"Estimated (regional topography pattern, no direct source found)"
Mpigi,Central,2024,1200,"Estimated (regional topography pattern, no direct source found)"
Mubende,Central,2020,1300,Confirmed (Wikipedia district/town infobox)
Mubende,Central,2021,1300,Confirmed (Wikipedia district/town infobox)
Mubende,Central,2022,1300,Confirmed (Wikipedia district/town infobox)
Mubende,Central,2023,1300,Confirmed (Wikipedia district/town infobox)
Mubende,Central,2024,1300,Confirmed (Wikipedia district/town infobox)
Mukono,Central,2020,1200,Confirmed (Wikipedia district/town infobox)
Mukono,Central,2021,1200,Confirmed (Wikipedia district/town infobox)
Mukono,Central,2022,1200,Confirmed (Wikipedia district/town infobox)
Mukono,Central,2023,1200,Confirmed (Wikipedia district/town infobox)
Mukono,Central,2024,1200,Confirmed (Wikipedia district/town infobox)
Nakaseke,Central,2020,1250,"Estimated (regional topography pattern, no direct source found)"
Nakaseke,Central,2021,1250,"Estimated (regional topography pattern, no direct source found)"
Nakaseke,Central,2022,1250,"Estimated (regional topography pattern, no direct source found)"
Nakaseke,Central,2023,1250,"Estimated (regional topography pattern, no direct source found)"
Nakaseke,Central,2024,1250,"Estimated (regional topography pattern, no direct source found)"
Nakasongola,Central,2020,1150,"Estimated (regional topography pattern, no direct source found)"
Nakasongola,Central,2021,1150,"Estimated (regional topography pattern, no direct source found)"
Nakasongola,Central,2022,1150,"Estimated (regional topography pattern, no direct source found)"
Nakasongola,Central,2023,1150,"Estimated (regional topography pattern, no direct source found)"
Nakasongola,Central,2024,1150,"Estimated (regional topography pattern, no direct source found)"
Rakai,Central,2020,1350,"Estimated (regional topography pattern, no direct source found)"
Rakai,Central,2021,1350,"Estimated (regional topography pattern, no direct source found)"
Rakai,Central,2022,1350,"Estimated (regional topography pattern, no direct source found)"
Rakai,Central,2023,1350,"Estimated (regional topography pattern, no direct source found)"
Rakai,Central,2024,1350,"Estimated (regional topography pattern, no direct source found)"
Sembabule,Central,2020,1350,"Estimated (regional topography pattern, no direct source found)"
Sembabule,Central,2021,1350,"Estimated (regional topography pattern, no direct source found)"
Sembabule,Central,2022,1350,"Estimated (regional topography pattern, no direct source found)"
Sembabule,Central,2023,1350,"Estimated (regional topography pattern, no direct source found)"
Sembabule,Central,2024,1350,"Estimated (regional topography pattern, no direct source found)"
Wakiso,Central,2020,1200,Confirmed (Wikipedia district/town infobox)
Wakiso,Central,2021,1200,Confirmed (Wikipedia district/town infobox)
Wakiso,Central,2022,1200,Confirmed (Wikipedia district/town infobox)
Wakiso,Central,2023,1200,Confirmed (Wikipedia district/town infobox)
Wakiso,Central,2024,1200,Confirmed (Wikipedia district/town infobox)
Amuria,Eastern,2020,1070,"Estimated (regional topography pattern, no direct source found)"
Amuria,Eastern,2021,1070,"Estimated (regional topography pattern, no direct source found)"
Amuria,Eastern,2022,1070,"Estimated (regional topography pattern, no direct source found)"
Amuria,Eastern,2023,1070,"Estimated (regional topography pattern, no direct source found)"
Amuria,Eastern,2024,1070,"Estimated (regional topography pattern, no direct source found)"
Budaka,Eastern,2020,1100,"Estimated (regional topography pattern, no direct source found)"
Budaka,Eastern,2021,1100,"Estimated (regional topography pattern, no direct source found)"
Budaka,Eastern,2022,1100,"Estimated (regional topography pattern, no direct source found)"
Budaka,Eastern,2023,1100,"Estimated (regional topography pattern, no direct source found)"
Budaka,Eastern,2024,1100,"Estimated (regional topography pattern, no direct source found)"
Bududa,Eastern,2020,1400,"Estimated (regional topography pattern, no direct source found)"
Bududa,Eastern,2021,1400,"Estimated (regional topography pattern, no direct source found)"
Bududa,Eastern,2022,1400,"Estimated (regional topography pattern, no direct source found)"
Bududa,Eastern,2023,1400,"Estimated (regional topography pattern, no direct source found)"
Bududa,Eastern,2024,1400,"Estimated (regional topography pattern, no direct source found)"
Bugiri,Eastern,2020,1150,"Estimated (regional topography pattern, no direct source found)"
Bugiri,Eastern,2021,1150,"Estimated (regional topography pattern, no direct source found)"
Bugiri,Eastern,2022,1150,"Estimated (regional topography pattern, no direct source found)"
Bugiri,Eastern,2023,1150,"Estimated (regional topography pattern, no direct source found)"
Bugiri,Eastern,2024,1150,"Estimated (regional topography pattern, no direct source found)"
Bugweri,Eastern,2020,1150,"Estimated (regional topography pattern, no direct source found)"
Bugweri,Eastern,2021,1150,"Estimated (regional topography pattern, no direct source found)"
Bugweri,Eastern,2022,1150,"Estimated (regional topography pattern, no direct source found)"
Bugweri,Eastern,2023,1150,"Estimated (regional topography pattern, no direct source found)"
Bugweri,Eastern,2024,1150,"Estimated (regional topography pattern, no direct source found)"
Bukedea,Eastern,2020,1080,"Estimated (regional topography pattern, no direct source found)"
Bukedea,Eastern,2021,1080,"Estimated (regional topography pattern, no direct source found)"
Bukedea,Eastern,2022,1080,"Estimated (regional topography pattern, no direct source found)"
Bukedea,Eastern,2023,1080,"Estimated (regional topography pattern, no direct source found)"
Bukedea,Eastern,2024,1080,"Estimated (regional topography pattern, no direct source found)"
Bukwo,Eastern,2020,1800,"Estimated (regional topography pattern, no direct source found)"
Bukwo,Eastern,2021,1800,"Estimated (regional topography pattern, no direct source found)"
Bukwo,Eastern,2022,1800,"Estimated (regional topography pattern, no direct source found)"
Bukwo,Eastern,2023,1800,"Estimated (regional topography pattern, no direct source found)"
Bukwo,Eastern,2024,1800,"Estimated (regional topography pattern, no direct source found)"
Bulambuli,Eastern,2020,1600,"Estimated (regional topography pattern, no direct source found)"
Bulambuli,Eastern,2021,1600,"Estimated (regional topography pattern, no direct source found)"
Bulambuli,Eastern,2022,1600,"Estimated (regional topography pattern, no direct source found)"
Bulambuli,Eastern,2023,1600,"Estimated (regional topography pattern, no direct source found)"
Bulambuli,Eastern,2024,1600,"Estimated (regional topography pattern, no direct source found)"
Busia,Eastern,2020,1150,"Estimated (regional topography pattern, no direct source found)"
Busia,Eastern,2021,1150,"Estimated (regional topography pattern, no direct source found)"
Busia,Eastern,2022,1150,"Estimated (regional topography pattern, no direct source found)"
Busia,Eastern,2023,1150,"Estimated (regional topography pattern, no direct source found)"
Busia,Eastern,2024,1150,"Estimated (regional topography pattern, no direct source found)"
Butaleja,Eastern,2020,1100,"Estimated (regional topography pattern, no direct source found)"
Butaleja,Eastern,2021,1100,"Estimated (regional topography pattern, no direct source found)"
Butaleja,Eastern,2022,1100,"Estimated (regional topography pattern, no direct source found)"
Butaleja,Eastern,2023,1100,"Estimated (regional topography pattern, no direct source found)"
Butaleja,Eastern,2024,1100,"Estimated (regional topography pattern, no direct source found)"
Butebo,Eastern,2020,1100,"Estimated (regional topography pattern, no direct source found)"
Butebo,Eastern,2021,1100,"Estimated (regional topography pattern, no direct source found)"
Butebo,Eastern,2022,1100,"Estimated (regional topography pattern, no direct source found)"
Butebo,Eastern,2023,1100,"Estimated (regional topography pattern, no direct source found)"
Butebo,Eastern,2024,1100,"Estimated (regional topography pattern, no direct source found)"
Buyende,Eastern,2020,1120,"Estimated (regional topography pattern, no direct source found)"
Buyende,Eastern,2021,1120,"Estimated (regional topography pattern, no direct source found)"
Buyende,Eastern,2022,1120,"Estimated (regional topography pattern, no direct source found)"
Buyende,Eastern,2023,1120,"Estimated (regional topography pattern, no direct source found)"
Buyende,Eastern,2024,1120,"Estimated (regional topography pattern, no direct source found)"
Iganga,Eastern,2020,1138,Confirmed (Wikipedia district/town infobox)
Iganga,Eastern,2021,1138,Confirmed (Wikipedia district/town infobox)
Iganga,Eastern,2022,1138,Confirmed (Wikipedia district/town infobox)
Iganga,Eastern,2023,1138,Confirmed (Wikipedia district/town infobox)
Iganga,Eastern,2024,1138,Confirmed (Wikipedia district/town infobox)
Jinja,Eastern,2020,1200,"Estimated (regional topography pattern, no direct source found)"
Jinja,Eastern,2021,1200,"Estimated (regional topography pattern, no direct source found)"
Jinja,Eastern,2022,1200,"Estimated (regional topography pattern, no direct source found)"
Jinja,Eastern,2023,1200,"Estimated (regional topography pattern, no direct source found)"
Jinja,Eastern,2024,1200,"Estimated (regional topography pattern, no direct source found)"
Kaberamaido,Eastern,2020,1030,"Estimated (regional topography pattern, no direct source found)"
Kaberamaido,Eastern,2021,1030,"Estimated (regional topography pattern, no direct source found)"
Kaberamaido,Eastern,2022,1030,"Estimated (regional topography pattern, no direct source found)"
Kaberamaido,Eastern,2023,1030,"Estimated (regional topography pattern, no direct source found)"
Kaberamaido,Eastern,2024,1030,"Estimated (regional topography pattern, no direct source found)"
Kalaki,Eastern,2020,1030,"Estimated (regional topography pattern, no direct source found)"
Kalaki,Eastern,2021,1030,"Estimated (regional topography pattern, no direct source found)"
Kalaki,Eastern,2022,1030,"Estimated (regional topography pattern, no direct source found)"
Kalaki,Eastern,2023,1030,"Estimated (regional topography pattern, no direct source found)"
Kalaki,Eastern,2024,1030,"Estimated (regional topography pattern, no direct source found)"
Kaliro,Eastern,2020,1100,"Estimated (regional topography pattern, no direct source found)"
Kaliro,Eastern,2021,1100,"Estimated (regional topography pattern, no direct source found)"
Kaliro,Eastern,2022,1100,"Estimated (regional topography pattern, no direct source found)"
Kaliro,Eastern,2023,1100,"Estimated (regional topography pattern, no direct source found)"
Kaliro,Eastern,2024,1100,"Estimated (regional topography pattern, no direct source found)"
Kamuli,Eastern,2020,1150,"Estimated (regional topography pattern, no direct source found)"
Kamuli,Eastern,2021,1150,"Estimated (regional topography pattern, no direct source found)"
Kamuli,Eastern,2022,1150,"Estimated (regional topography pattern, no direct source found)"
Kamuli,Eastern,2023,1150,"Estimated (regional topography pattern, no direct source found)"
Kamuli,Eastern,2024,1150,"Estimated (regional topography pattern, no direct source found)"
Kapchorwa,Eastern,2020,1900,"Estimated (regional topography pattern, no direct source found)"
Kapchorwa,Eastern,2021,1900,"Estimated (regional topography pattern, no direct source found)"
Kapchorwa,Eastern,2022,1900,"Estimated (regional topography pattern, no direct source found)"
Kapchorwa,Eastern,2023,1900,"Estimated (regional topography pattern, no direct source found)"
Kapchorwa,Eastern,2024,1900,"Estimated (regional topography pattern, no direct source found)"
Kapelebyong,Eastern,2020,1070,"Estimated (regional topography pattern, no direct source found)"
Kapelebyong,Eastern,2021,1070,"Estimated (regional topography pattern, no direct source found)"
Kapelebyong,Eastern,2022,1070,"Estimated (regional topography pattern, no direct source found)"
Kapelebyong,Eastern,2023,1070,"Estimated (regional topography pattern, no direct source found)"
Kapelebyong,Eastern,2024,1070,"Estimated (regional topography pattern, no direct source found)"
Katakwi,Eastern,2020,1070,"Estimated (regional topography pattern, no direct source found)"
Katakwi,Eastern,2021,1070,"Estimated (regional topography pattern, no direct source found)"
Katakwi,Eastern,2022,1070,"Estimated (regional topography pattern, no direct source found)"
Katakwi,Eastern,2023,1070,"Estimated (regional topography pattern, no direct source found)"
Katakwi,Eastern,2024,1070,"Estimated (regional topography pattern, no direct source found)"
Kibuku,Eastern,2020,1100,"Estimated (regional topography pattern, no direct source found)"
Kibuku,Eastern,2021,1100,"Estimated (regional topography pattern, no direct source found)"
Kibuku,Eastern,2022,1100,"Estimated (regional topography pattern, no direct source found)"
Kibuku,Eastern,2023,1100,"Estimated (regional topography pattern, no direct source found)"
Kibuku,Eastern,2024,1100,"Estimated (regional topography pattern, no direct source found)"
Kumi,Eastern,2020,1080,"Estimated (regional topography pattern, no direct source found)"
Kumi,Eastern,2021,1080,"Estimated (regional topography pattern, no direct source found)"
Kumi,Eastern,2022,1080,"Estimated (regional topography pattern, no direct source found)"
Kumi,Eastern,2023,1080,"Estimated (regional topography pattern, no direct source found)"
Kumi,Eastern,2024,1080,"Estimated (regional topography pattern, no direct source found)"
Kween,Eastern,2020,2000,"Estimated (regional topography pattern, no direct source found)"
Kween,Eastern,2021,2000,"Estimated (regional topography pattern, no direct source found)"
Kween,Eastern,2022,2000,"Estimated (regional topography pattern, no direct source found)"
Kween,Eastern,2023,2000,"Estimated (regional topography pattern, no direct source found)"
Kween,Eastern,2024,2000,"Estimated (regional topography pattern, no direct source found)"
Luuka,Eastern,2020,1150,"Estimated (regional topography pattern, no direct source found)"
Luuka,Eastern,2021,1150,"Estimated (regional topography pattern, no direct source found)"
Luuka,Eastern,2022,1150,"Estimated (regional topography pattern, no direct source found)"
Luuka,Eastern,2023,1150,"Estimated (regional topography pattern, no direct source found)"
Luuka,Eastern,2024,1150,"Estimated (regional topography pattern, no direct source found)"
Manafwa,Eastern,2020,1350,"Estimated (regional topography pattern, no direct source found)"
Manafwa,Eastern,2021,1350,"Estimated (regional topography pattern, no direct source found)"
Manafwa,Eastern,2022,1350,"Estimated (regional topography pattern, no direct source found)"
Manafwa,Eastern,2023,1350,"Estimated (regional topography pattern, no direct source found)"
Manafwa,Eastern,2024,1350,"Estimated (regional topography pattern, no direct source found)"
Mayuge,Eastern,2020,1150,"Estimated (regional topography pattern, no direct source found)"
Mayuge,Eastern,2021,1150,"Estimated (regional topography pattern, no direct source found)"
Mayuge,Eastern,2022,1150,"Estimated (regional topography pattern, no direct source found)"
Mayuge,Eastern,2023,1150,"Estimated (regional topography pattern, no direct source found)"
Mayuge,Eastern,2024,1150,"Estimated (regional topography pattern, no direct source found)"
Mbale,Eastern,2020,1200,"Estimated (regional topography pattern, no direct source found)"
Mbale,Eastern,2021,1200,"Estimated (regional topography pattern, no direct source found)"
Mbale,Eastern,2022,1200,"Estimated (regional topography pattern, no direct source found)"
Mbale,Eastern,2023,1200,"Estimated (regional topography pattern, no direct source found)"
Mbale,Eastern,2024,1200,"Estimated (regional topography pattern, no direct source found)"
Namayingo,Eastern,2020,1200,Confirmed (Wikipedia district/town infobox)
Namayingo,Eastern,2021,1200,Confirmed (Wikipedia district/town infobox)
Namayingo,Eastern,2022,1200,Confirmed (Wikipedia district/town infobox)
Namayingo,Eastern,2023,1200,Confirmed (Wikipedia district/town infobox)
Namayingo,Eastern,2024,1200,Confirmed (Wikipedia district/town infobox)
Namisindwa,Eastern,2020,1300,"Estimated (regional topography pattern, no direct source found)"
Namisindwa,Eastern,2021,1300,"Estimated (regional topography pattern, no direct source found)"
Namisindwa,Eastern,2022,1300,"Estimated (regional topography pattern, no direct source found)"
Namisindwa,Eastern,2023,1300,"Estimated (regional topography pattern, no direct source found)"
Namisindwa,Eastern,2024,1300,"Estimated (regional topography pattern, no direct source found)"
Namutumba,Eastern,2020,1150,"Estimated (regional topography pattern, no direct source found)"
Namutumba,Eastern,2021,1150,"Estimated (regional topography pattern, no direct source found)"
Namutumba,Eastern,2022,1150,"Estimated (regional topography pattern, no direct source found)"
Namutumba,Eastern,2023,1150,"Estimated (regional topography pattern, no direct source found)"
Namutumba,Eastern,2024,1150,"Estimated (regional topography pattern, no direct source found)"
Ngora,Eastern,2020,1080,"Estimated (regional topography pattern, no direct source found)"
Ngora,Eastern,2021,1080,"Estimated (regional topography pattern, no direct source found)"
Ngora,Eastern,2022,1080,"Estimated (regional topography pattern, no direct source found)"
Ngora,Eastern,2023,1080,"Estimated (regional topography pattern, no direct source found)"
Ngora,Eastern,2024,1080,"Estimated (regional topography pattern, no direct source found)"
Pallisa,Eastern,2020,1100,"Estimated (regional topography pattern, no direct source found)"
Pallisa,Eastern,2021,1100,"Estimated (regional topography pattern, no direct source found)"
Pallisa,Eastern,2022,1100,"Estimated (regional topography pattern, no direct source found)"
Pallisa,Eastern,2023,1100,"Estimated (regional topography pattern, no direct source found)"
Pallisa,Eastern,2024,1100,"Estimated (regional topography pattern, no direct source found)"
Serere,Eastern,2020,1050,"Estimated (regional topography pattern, no direct source found)"
Serere,Eastern,2021,1050,"Estimated (regional topography pattern, no direct source found)"
Serere,Eastern,2022,1050,"Estimated (regional topography pattern, no direct source found)"
Serere,Eastern,2023,1050,"Estimated (regional topography pattern, no direct source found)"
Serere,Eastern,2024,1050,"Estimated (regional topography pattern, no direct source found)"
Sironko,Eastern,2020,1500,"Estimated (regional topography pattern, no direct source found)"
Sironko,Eastern,2021,1500,"Estimated (regional topography pattern, no direct source found)"
Sironko,Eastern,2022,1500,"Estimated (regional topography pattern, no direct source found)"
Sironko,Eastern,2023,1500,"Estimated (regional topography pattern, no direct source found)"
Sironko,Eastern,2024,1500,"Estimated (regional topography pattern, no direct source found)"
Soroti,Eastern,2020,1130,"Estimated (regional topography pattern, no direct source found)"
Soroti,Eastern,2021,1130,"Estimated (regional topography pattern, no direct source found)"
Soroti,Eastern,2022,1130,"Estimated (regional topography pattern, no direct source found)"
Soroti,Eastern,2023,1130,"Estimated (regional topography pattern, no direct source found)"
Soroti,Eastern,2024,1130,"Estimated (regional topography pattern, no direct source found)"
Tororo,Eastern,2020,1200,"Estimated (regional topography pattern, no direct source found)"
Tororo,Eastern,2021,1200,"Estimated (regional topography pattern, no direct source found)"
Tororo,Eastern,2022,1200,"Estimated (regional topography pattern, no direct source found)"
Tororo,Eastern,2023,1200,"Estimated (regional topography pattern, no direct source found)"
Tororo,Eastern,2024,1200,"Estimated (regional topography pattern, no direct source found)"
Abim,Northern,2020,1050,"Estimated (regional topography pattern, no direct source found)"
Abim,Northern,2021,1050,"Estimated (regional topography pattern, no direct source found)"
Abim,Northern,2022,1050,"Estimated (regional topography pattern, no direct source found)"
Abim,Northern,2023,1050,"Estimated (regional topography pattern, no direct source found)"
Abim,Northern,2024,1050,"Estimated (regional topography pattern, no direct source found)"
Adjumani,Northern,2020,900,"Estimated (regional topography pattern, no direct source found)"
Adjumani,Northern,2021,900,"Estimated (regional topography pattern, no direct source found)"
Adjumani,Northern,2022,900,"Estimated (regional topography pattern, no direct source found)"
Adjumani,Northern,2023,900,"Estimated (regional topography pattern, no direct source found)"
Adjumani,Northern,2024,900,"Estimated (regional topography pattern, no direct source found)"
Agago,Northern,2020,1150,"Estimated (regional topography pattern, no direct source found)"
Agago,Northern,2021,1150,"Estimated (regional topography pattern, no direct source found)"
Agago,Northern,2022,1150,"Estimated (regional topography pattern, no direct source found)"
Agago,Northern,2023,1150,"Estimated (regional topography pattern, no direct source found)"
Agago,Northern,2024,1150,"Estimated (regional topography pattern, no direct source found)"
Alebtong,Northern,2020,1100,Confirmed (Wikipedia district/town infobox)
Alebtong,Northern,2021,1100,Confirmed (Wikipedia district/town infobox)
Alebtong,Northern,2022,1100,Confirmed (Wikipedia district/town infobox)
Alebtong,Northern,2023,1100,Confirmed (Wikipedia district/town infobox)
Alebtong,Northern,2024,1100,Confirmed (Wikipedia district/town infobox)
Amolatar,Northern,2020,1000,"Estimated (regional topography pattern, no direct source found)"
Amolatar,Northern,2021,1000,"Estimated (regional topography pattern, no direct source found)"
Amolatar,Northern,2022,1000,"Estimated (regional topography pattern, no direct source found)"
Amolatar,Northern,2023,1000,"Estimated (regional topography pattern, no direct source found)"
Amolatar,Northern,2024,1000,"Estimated (regional topography pattern, no direct source found)"
Amudat,Northern,2020,1350,"Estimated (regional topography pattern, no direct source found)"
Amudat,Northern,2021,1350,"Estimated (regional topography pattern, no direct source found)"
Amudat,Northern,2022,1350,"Estimated (regional topography pattern, no direct source found)"
Amudat,Northern,2023,1350,"Estimated (regional topography pattern, no direct source found)"
Amudat,Northern,2024,1350,"Estimated (regional topography pattern, no direct source found)"
Amuru,Northern,2020,1050,"Estimated (regional topography pattern, no direct source found)"
Amuru,Northern,2021,1050,"Estimated (regional topography pattern, no direct source found)"
Amuru,Northern,2022,1050,"Estimated (regional topography pattern, no direct source found)"
Amuru,Northern,2023,1050,"Estimated (regional topography pattern, no direct source found)"
Amuru,Northern,2024,1050,"Estimated (regional topography pattern, no direct source found)"
Apac,Northern,2020,1010,"Estimated (regional topography pattern, no direct source found)"
Apac,Northern,2021,1010,"Estimated (regional topography pattern, no direct source found)"
Apac,Northern,2022,1010,"Estimated (regional topography pattern, no direct source found)"
Apac,Northern,2023,1010,"Estimated (regional topography pattern, no direct source found)"
Apac,Northern,2024,1010,"Estimated (regional topography pattern, no direct source found)"
Arua,Northern,2020,1300,"Estimated (regional topography pattern, no direct source found)"
Arua,Northern,2021,1300,"Estimated (regional topography pattern, no direct source found)"
Arua,Northern,2022,1300,"Estimated (regional topography pattern, no direct source found)"
Arua,Northern,2023,1300,"Estimated (regional topography pattern, no direct source found)"
Arua,Northern,2024,1300,"Estimated (regional topography pattern, no direct source found)"
Dokolo,Northern,2020,1030,"Estimated (regional topography pattern, no direct source found)"
Dokolo,Northern,2021,1030,"Estimated (regional topography pattern, no direct source found)"
Dokolo,Northern,2022,1030,"Estimated (regional topography pattern, no direct source found)"
Dokolo,Northern,2023,1030,"Estimated (regional topography pattern, no direct source found)"
Dokolo,Northern,2024,1030,"Estimated (regional topography pattern, no direct source found)"
Gulu,Northern,2020,1100,"Estimated (regional topography pattern, no direct source found)"
Gulu,Northern,2021,1100,"Estimated (regional topography pattern, no direct source found)"
Gulu,Northern,2022,1100,"Estimated (regional topography pattern, no direct source found)"
Gulu,Northern,2023,1100,"Estimated (regional topography pattern, no direct source found)"
Gulu,Northern,2024,1100,"Estimated (regional topography pattern, no direct source found)"
Kaabong,Northern,2020,950,"Estimated (regional topography pattern, no direct source found)"
Kaabong,Northern,2021,950,"Estimated (regional topography pattern, no direct source found)"
Kaabong,Northern,2022,950,"Estimated (regional topography pattern, no direct source found)"
Kaabong,Northern,2023,950,"Estimated (regional topography pattern, no direct source found)"
Kaabong,Northern,2024,950,"Estimated (regional topography pattern, no direct source found)"
Karenga,Northern,2020,900,"Estimated (regional topography pattern, no direct source found)"
Karenga,Northern,2021,900,"Estimated (regional topography pattern, no direct source found)"
Karenga,Northern,2022,900,"Estimated (regional topography pattern, no direct source found)"
Karenga,Northern,2023,900,"Estimated (regional topography pattern, no direct source found)"
Karenga,Northern,2024,900,"Estimated (regional topography pattern, no direct source found)"
Kitgum,Northern,2020,1150,"Estimated (regional topography pattern, no direct source found)"
Kitgum,Northern,2021,1150,"Estimated (regional topography pattern, no direct source found)"
Kitgum,Northern,2022,1150,"Estimated (regional topography pattern, no direct source found)"
Kitgum,Northern,2023,1150,"Estimated (regional topography pattern, no direct source found)"
Kitgum,Northern,2024,1150,"Estimated (regional topography pattern, no direct source found)"
Koboko,Northern,2020,1200,"Estimated (regional topography pattern, no direct source found)"
Koboko,Northern,2021,1200,"Estimated (regional topography pattern, no direct source found)"
Koboko,Northern,2022,1200,"Estimated (regional topography pattern, no direct source found)"
Koboko,Northern,2023,1200,"Estimated (regional topography pattern, no direct source found)"
Koboko,Northern,2024,1200,"Estimated (regional topography pattern, no direct source found)"
Kole,Northern,2020,1030,"Estimated (regional topography pattern, no direct source found)"
Kole,Northern,2021,1030,"Estimated (regional topography pattern, no direct source found)"
Kole,Northern,2022,1030,"Estimated (regional topography pattern, no direct source found)"
Kole,Northern,2023,1030,"Estimated (regional topography pattern, no direct source found)"
Kole,Northern,2024,1030,"Estimated (regional topography pattern, no direct source found)"
Kotido,Northern,2020,1200,"Estimated (regional topography pattern, no direct source found)"
Kotido,Northern,2021,1200,"Estimated (regional topography pattern, no direct source found)"
Kotido,Northern,2022,1200,"Estimated (regional topography pattern, no direct source found)"
Kotido,Northern,2023,1200,"Estimated (regional topography pattern, no direct source found)"
Kotido,Northern,2024,1200,"Estimated (regional topography pattern, no direct source found)"
Kwania,Northern,2020,1020,"Estimated (regional topography pattern, no direct source found)"
Kwania,Northern,2021,1020,"Estimated (regional topography pattern, no direct source found)"
Kwania,Northern,2022,1020,"Estimated (regional topography pattern, no direct source found)"
Kwania,Northern,2023,1020,"Estimated (regional topography pattern, no direct source found)"
Kwania,Northern,2024,1020,"Estimated (regional topography pattern, no direct source found)"
Lamwo,Northern,2020,1200,"Estimated (regional topography pattern, no direct source found)"
Lamwo,Northern,2021,1200,"Estimated (regional topography pattern, no direct source found)"
Lamwo,Northern,2022,1200,"Estimated (regional topography pattern, no direct source found)"
Lamwo,Northern,2023,1200,"Estimated (regional topography pattern, no direct source found)"
Lamwo,Northern,2024,1200,"Estimated (regional topography pattern, no direct source found)"
Lira,Northern,2020,1080,"Estimated (regional topography pattern, no direct source found)"
Lira,Northern,2021,1080,"Estimated (regional topography pattern, no direct source found)"
Lira,Northern,2022,1080,"Estimated (regional topography pattern, no direct source found)"
Lira,Northern,2023,1080,"Estimated (regional topography pattern, no direct source found)"
Lira,Northern,2024,1080,"Estimated (regional topography pattern, no direct source found)"
Madi-Okollo,Northern,2020,1150,"Estimated (regional topography pattern, no direct source found)"
Madi-Okollo,Northern,2021,1150,"Estimated (regional topography pattern, no direct source found)"
Madi-Okollo,Northern,2022,1150,"Estimated (regional topography pattern, no direct source found)"
Madi-Okollo,Northern,2023,1150,"Estimated (regional topography pattern, no direct source found)"
Madi-Okollo,Northern,2024,1150,"Estimated (regional topography pattern, no direct source found)"
Maracha,Northern,2020,1300,"Estimated (regional topography pattern, no direct source found)"
Maracha,Northern,2021,1300,"Estimated (regional topography pattern, no direct source found)"
Maracha,Northern,2022,1300,"Estimated (regional topography pattern, no direct source found)"
Maracha,Northern,2023,1300,"Estimated (regional topography pattern, no direct source found)"
Maracha,Northern,2024,1300,"Estimated (regional topography pattern, no direct source found)"
Moroto,Northern,2020,1330,"Estimated (regional topography pattern, no direct source found)"
Moroto,Northern,2021,1330,"Estimated (regional topography pattern, no direct source found)"
Moroto,Northern,2022,1330,"Estimated (regional topography pattern, no direct source found)"
Moroto,Northern,2023,1330,"Estimated (regional topography pattern, no direct source found)"
Moroto,Northern,2024,1330,"Estimated (regional topography pattern, no direct source found)"
Moyo,Northern,2020,950,"Estimated (regional topography pattern, no direct source found)"
Moyo,Northern,2021,950,"Estimated (regional topography pattern, no direct source found)"
Moyo,Northern,2022,950,"Estimated (regional topography pattern, no direct source found)"
Moyo,Northern,2023,950,"Estimated (regional topography pattern, no direct source found)"
Moyo,Northern,2024,950,"Estimated (regional topography pattern, no direct source found)"
Nabilatuk,Northern,2020,1200,"Estimated (regional topography pattern, no direct source found)"
Nabilatuk,Northern,2021,1200,"Estimated (regional topography pattern, no direct source found)"
Nabilatuk,Northern,2022,1200,"Estimated (regional topography pattern, no direct source found)"
Nabilatuk,Northern,2023,1200,"Estimated (regional topography pattern, no direct source found)"
Nabilatuk,Northern,2024,1200,"Estimated (regional topography pattern, no direct source found)"
Nakapiripirit,Northern,2020,1450,"Estimated (regional topography pattern, no direct source found)"
Nakapiripirit,Northern,2021,1450,"Estimated (regional topography pattern, no direct source found)"
Nakapiripirit,Northern,2022,1450,"Estimated (regional topography pattern, no direct source found)"
Nakapiripirit,Northern,2023,1450,"Estimated (regional topography pattern, no direct source found)"
Nakapiripirit,Northern,2024,1450,"Estimated (regional topography pattern, no direct source found)"
Napak,Northern,2020,1250,"Estimated (regional topography pattern, no direct source found)"
Napak,Northern,2021,1250,"Estimated (regional topography pattern, no direct source found)"
Napak,Northern,2022,1250,"Estimated (regional topography pattern, no direct source found)"
Napak,Northern,2023,1250,"Estimated (regional topography pattern, no direct source found)"
Napak,Northern,2024,1250,"Estimated (regional topography pattern, no direct source found)"
Nebbi,Northern,2020,1250,"Estimated (regional topography pattern, no direct source found)"
Nebbi,Northern,2021,1250,"Estimated (regional topography pattern, no direct source found)"
Nebbi,Northern,2022,1250,"Estimated (regional topography pattern, no direct source found)"
Nebbi,Northern,2023,1250,"Estimated (regional topography pattern, no direct source found)"
Nebbi,Northern,2024,1250,"Estimated (regional topography pattern, no direct source found)"
Nwoya,Northern,2020,1050,"Estimated (regional topography pattern, no direct source found)"
Nwoya,Northern,2021,1050,"Estimated (regional topography pattern, no direct source found)"
Nwoya,Northern,2022,1050,"Estimated (regional topography pattern, no direct source found)"
Nwoya,Northern,2023,1050,"Estimated (regional topography pattern, no direct source found)"
Nwoya,Northern,2024,1050,"Estimated (regional topography pattern, no direct source found)"
Obongi,Northern,2020,800,"Estimated (regional topography pattern, no direct source found)"
Obongi,Northern,2021,800,"Estimated (regional topography pattern, no direct source found)"
Obongi,Northern,2022,800,"Estimated (regional topography pattern, no direct source found)"
Obongi,Northern,2023,800,"Estimated (regional topography pattern, no direct source found)"
Obongi,Northern,2024,800,"Estimated (regional topography pattern, no direct source found)"
Omoro,Northern,2020,1100,"Estimated (regional topography pattern, no direct source found)"
Omoro,Northern,2021,1100,"Estimated (regional topography pattern, no direct source found)"
Omoro,Northern,2022,1100,"Estimated (regional topography pattern, no direct source found)"
Omoro,Northern,2023,1100,"Estimated (regional topography pattern, no direct source found)"
Omoro,Northern,2024,1100,"Estimated (regional topography pattern, no direct source found)"
Otuke,Northern,2020,1030,"Estimated (regional topography pattern, no direct source found)"
Otuke,Northern,2021,1030,"Estimated (regional topography pattern, no direct source found)"
Otuke,Northern,2022,1030,"Estimated (regional topography pattern, no direct source found)"
Otuke,Northern,2023,1030,"Estimated (regional topography pattern, no direct source found)"
Otuke,Northern,2024,1030,"Estimated (regional topography pattern, no direct source found)"
Oyam,Northern,2020,1050,"Estimated (regional topography pattern, no direct source found)"
Oyam,Northern,2021,1050,"Estimated (regional topography pattern, no direct source found)"
Oyam,Northern,2022,1050,"Estimated (regional topography pattern, no direct source found)"
Oyam,Northern,2023,1050,"Estimated (regional topography pattern, no direct source found)"
Oyam,Northern,2024,1050,"Estimated (regional topography pattern, no direct source found)"
Pader,Northern,2020,1150,"Estimated (regional topography pattern, no direct source found)"
Pader,Northern,2021,1150,"Estimated (regional topography pattern, no direct source found)"
Pader,Northern,2022,1150,"Estimated (regional topography pattern, no direct source found)"
Pader,Northern,2023,1150,"Estimated (regional topography pattern, no direct source found)"
Pader,Northern,2024,1150,"Estimated (regional topography pattern, no direct source found)"
Pakwach,Northern,2020,650,"Estimated (regional topography pattern, no direct source found)"
Pakwach,Northern,2021,650,"Estimated (regional topography pattern, no direct source found)"
Pakwach,Northern,2022,650,"Estimated (regional topography pattern, no direct source found)"
Pakwach,Northern,2023,650,"Estimated (regional topography pattern, no direct source found)"
Pakwach,Northern,2024,650,"Estimated (regional topography pattern, no direct source found)"
Terego,Northern,2020,1250,"Estimated (regional topography pattern, no direct source found)"
Terego,Northern,2021,1250,"Estimated (regional topography pattern, no direct source found)"
Terego,Northern,2022,1250,"Estimated (regional topography pattern, no direct source found)"
Terego,Northern,2023,1250,"Estimated (regional topography pattern, no direct source found)"
Terego,Northern,2024,1250,"Estimated (regional topography pattern, no direct source found)"
Yumbe,Northern,2020,1200,"Estimated (regional topography pattern, no direct source found)"
Yumbe,Northern,2021,1200,"Estimated (regional topography pattern, no direct source found)"
Yumbe,Northern,2022,1200,"Estimated (regional topography pattern, no direct source found)"
Yumbe,Northern,2023,1200,"Estimated (regional topography pattern, no direct source found)"
Yumbe,Northern,2024,1200,"Estimated (regional topography pattern, no direct source found)"
Zombo,Northern,2020,1600,"Estimated (regional topography pattern, no direct source found)"
Zombo,Northern,2021,1600,"Estimated (regional topography pattern, no direct source found)"
Zombo,Northern,2022,1600,"Estimated (regional topography pattern, no direct source found)"
Zombo,Northern,2023,1600,"Estimated (regional topography pattern, no direct source found)"
Zombo,Northern,2024,1600,"Estimated (regional topography pattern, no direct source found)"
Buhweju,Western,2020,1650,"Estimated (regional topography pattern, no direct source found)"
Buhweju,Western,2021,1650,"Estimated (regional topography pattern, no direct source found)"
Buhweju,Western,2022,1650,"Estimated (regional topography pattern, no direct source found)"
Buhweju,Western,2023,1650,"Estimated (regional topography pattern, no direct source found)"
Buhweju,Western,2024,1650,"Estimated (regional topography pattern, no direct source found)"
Buliisa,Western,2020,650,"Estimated (regional topography pattern, no direct source found)"
Buliisa,Western,2021,650,"Estimated (regional topography pattern, no direct source found)"
Buliisa,Western,2022,650,"Estimated (regional topography pattern, no direct source found)"
Buliisa,Western,2023,650,"Estimated (regional topography pattern, no direct source found)"
Buliisa,Western,2024,650,"Estimated (regional topography pattern, no direct source found)"
Bundibugyo,Western,2020,900,"Estimated (regional topography pattern, no direct source found)"
Bundibugyo,Western,2021,900,"Estimated (regional topography pattern, no direct source found)"
Bundibugyo,Western,2022,900,"Estimated (regional topography pattern, no direct source found)"
Bundibugyo,Western,2023,900,"Estimated (regional topography pattern, no direct source found)"
Bundibugyo,Western,2024,900,"Estimated (regional topography pattern, no direct source found)"
Bunyangabu,Western,2020,1350,"Estimated (regional topography pattern, no direct source found)"
Bunyangabu,Western,2021,1350,"Estimated (regional topography pattern, no direct source found)"
Bunyangabu,Western,2022,1350,"Estimated (regional topography pattern, no direct source found)"
Bunyangabu,Western,2023,1350,"Estimated (regional topography pattern, no direct source found)"
Bunyangabu,Western,2024,1350,"Estimated (regional topography pattern, no direct source found)"
Bushenyi,Western,2020,1500,"Estimated (regional topography pattern, no direct source found)"
Bushenyi,Western,2021,1500,"Estimated (regional topography pattern, no direct source found)"
Bushenyi,Western,2022,1500,"Estimated (regional topography pattern, no direct source found)"
Bushenyi,Western,2023,1500,"Estimated (regional topography pattern, no direct source found)"
Bushenyi,Western,2024,1500,"Estimated (regional topography pattern, no direct source found)"
Hoima,Western,2020,1150,"Estimated (regional topography pattern, no direct source found)"
Hoima,Western,2021,1150,"Estimated (regional topography pattern, no direct source found)"
Hoima,Western,2022,1150,"Estimated (regional topography pattern, no direct source found)"
Hoima,Western,2023,1150,"Estimated (regional topography pattern, no direct source found)"
Hoima,Western,2024,1150,"Estimated (regional topography pattern, no direct source found)"
Ibanda,Western,2020,1500,"Estimated (regional topography pattern, no direct source found)"
Ibanda,Western,2021,1500,"Estimated (regional topography pattern, no direct source found)"
Ibanda,Western,2022,1500,"Estimated (regional topography pattern, no direct source found)"
Ibanda,Western,2023,1500,"Estimated (regional topography pattern, no direct source found)"
Ibanda,Western,2024,1500,"Estimated (regional topography pattern, no direct source found)"
Isingiro,Western,2020,1450,"Estimated (regional topography pattern, no direct source found)"
Isingiro,Western,2021,1450,"Estimated (regional topography pattern, no direct source found)"
Isingiro,Western,2022,1450,"Estimated (regional topography pattern, no direct source found)"
Isingiro,Western,2023,1450,"Estimated (regional topography pattern, no direct source found)"
Isingiro,Western,2024,1450,"Estimated (regional topography pattern, no direct source found)"
Kabale,Western,2020,1870,"Estimated (regional topography pattern, no direct source found)"
Kabale,Western,2021,1870,"Estimated (regional topography pattern, no direct source found)"
Kabale,Western,2022,1870,"Estimated (regional topography pattern, no direct source found)"
Kabale,Western,2023,1870,"Estimated (regional topography pattern, no direct source found)"
Kabale,Western,2024,1870,"Estimated (regional topography pattern, no direct source found)"
Kabarole,Western,2020,1500,"Estimated (regional topography pattern, no direct source found)"
Kabarole,Western,2021,1500,"Estimated (regional topography pattern, no direct source found)"
Kabarole,Western,2022,1500,"Estimated (regional topography pattern, no direct source found)"
Kabarole,Western,2023,1500,"Estimated (regional topography pattern, no direct source found)"
Kabarole,Western,2024,1500,"Estimated (regional topography pattern, no direct source found)"
Kagadi,Western,2020,1350,Confirmed (Wikipedia district/town infobox)
Kagadi,Western,2021,1350,Confirmed (Wikipedia district/town infobox)
Kagadi,Western,2022,1350,Confirmed (Wikipedia district/town infobox)
Kagadi,Western,2023,1350,Confirmed (Wikipedia district/town infobox)
Kagadi,Western,2024,1350,Confirmed (Wikipedia district/town infobox)
Kakumiro,Western,2020,1250,"Estimated (regional topography pattern, no direct source found)"
Kakumiro,Western,2021,1250,"Estimated (regional topography pattern, no direct source found)"
Kakumiro,Western,2022,1250,"Estimated (regional topography pattern, no direct source found)"
Kakumiro,Western,2023,1250,"Estimated (regional topography pattern, no direct source found)"
Kakumiro,Western,2024,1250,"Estimated (regional topography pattern, no direct source found)"
Kamwenge,Western,2020,1300,"Estimated (regional topography pattern, no direct source found)"
Kamwenge,Western,2021,1300,"Estimated (regional topography pattern, no direct source found)"
Kamwenge,Western,2022,1300,"Estimated (regional topography pattern, no direct source found)"
Kamwenge,Western,2023,1300,"Estimated (regional topography pattern, no direct source found)"
Kamwenge,Western,2024,1300,"Estimated (regional topography pattern, no direct source found)"
Kanungu,Western,2020,1681,Confirmed (Wikipedia district/town infobox)
Kanungu,Western,2021,1681,Confirmed (Wikipedia district/town infobox)
Kanungu,Western,2022,1681,Confirmed (Wikipedia district/town infobox)
Kanungu,Western,2023,1681,Confirmed (Wikipedia district/town infobox)
Kanungu,Western,2024,1681,Confirmed (Wikipedia district/town infobox)
Kasese,Western,2020,960,"Estimated (regional topography pattern, no direct source found)"
Kasese,Western,2021,960,"Estimated (regional topography pattern, no direct source found)"
Kasese,Western,2022,960,"Estimated (regional topography pattern, no direct source found)"
Kasese,Western,2023,960,"Estimated (regional topography pattern, no direct source found)"
Kasese,Western,2024,960,"Estimated (regional topography pattern, no direct source found)"
Kazo,Western,2020,1400,"Estimated (regional topography pattern, no direct source found)"
Kazo,Western,2021,1400,"Estimated (regional topography pattern, no direct source found)"
Kazo,Western,2022,1400,"Estimated (regional topography pattern, no direct source found)"
Kazo,Western,2023,1400,"Estimated (regional topography pattern, no direct source found)"
Kazo,Western,2024,1400,"Estimated (regional topography pattern, no direct source found)"
Kibaale,Western,2020,1300,"Estimated (regional topography pattern, no direct source found)"
Kibaale,Western,2021,1300,"Estimated (regional topography pattern, no direct source found)"
Kibaale,Western,2022,1300,"Estimated (regional topography pattern, no direct source found)"
Kibaale,Western,2023,1300,"Estimated (regional topography pattern, no direct source found)"
Kibaale,Western,2024,1300,"Estimated (regional topography pattern, no direct source found)"
Kikuube,Western,2020,950,"Estimated (regional topography pattern, no direct source found)"
Kikuube,Western,2021,950,"Estimated (regional topography pattern, no direct source found)"
Kikuube,Western,2022,950,"Estimated (regional topography pattern, no direct source found)"
Kikuube,Western,2023,950,"Estimated (regional topography pattern, no direct source found)"
Kikuube,Western,2024,950,"Estimated (regional topography pattern, no direct source found)"
Kiruhura,Western,2020,1450,"Estimated (regional topography pattern, no direct source found)"
Kiruhura,Western,2021,1450,"Estimated (regional topography pattern, no direct source found)"
Kiruhura,Western,2022,1450,"Estimated (regional topography pattern, no direct source found)"
Kiruhura,Western,2023,1450,"Estimated (regional topography pattern, no direct source found)"
Kiruhura,Western,2024,1450,"Estimated (regional topography pattern, no direct source found)"
Kiryandongo,Western,2020,1050,"Estimated (regional topography pattern, no direct source found)"
Kiryandongo,Western,2021,1050,"Estimated (regional topography pattern, no direct source found)"
Kiryandongo,Western,2022,1050,"Estimated (regional topography pattern, no direct source found)"
Kiryandongo,Western,2023,1050,"Estimated (regional topography pattern, no direct source found)"
Kiryandongo,Western,2024,1050,"Estimated (regional topography pattern, no direct source found)"
Kisoro,Western,2020,1929,Confirmed (Wikipedia district/town infobox)
Kisoro,Western,2021,1929,Confirmed (Wikipedia district/town infobox)
Kisoro,Western,2022,1929,Confirmed (Wikipedia district/town infobox)
Kisoro,Western,2023,1929,Confirmed (Wikipedia district/town infobox)
Kisoro,Western,2024,1929,Confirmed (Wikipedia district/town infobox)
Kitagwenda,Western,2020,1250,"Estimated (regional topography pattern, no direct source found)"
Kitagwenda,Western,2021,1250,"Estimated (regional topography pattern, no direct source found)"
Kitagwenda,Western,2022,1250,"Estimated (regional topography pattern, no direct source found)"
Kitagwenda,Western,2023,1250,"Estimated (regional topography pattern, no direct source found)"
Kitagwenda,Western,2024,1250,"Estimated (regional topography pattern, no direct source found)"
Kyegegwa,Western,2020,1350,"Estimated (regional topography pattern, no direct source found)"
Kyegegwa,Western,2021,1350,"Estimated (regional topography pattern, no direct source found)"
Kyegegwa,Western,2022,1350,"Estimated (regional topography pattern, no direct source found)"
Kyegegwa,Western,2023,1350,"Estimated (regional topography pattern, no direct source found)"
Kyegegwa,Western,2024,1350,"Estimated (regional topography pattern, no direct source found)"
Kyenjojo,Western,2020,1400,"Estimated (regional topography pattern, no direct source found)"
Kyenjojo,Western,2021,1400,"Estimated (regional topography pattern, no direct source found)"
Kyenjojo,Western,2022,1400,"Estimated (regional topography pattern, no direct source found)"
Kyenjojo,Western,2023,1400,"Estimated (regional topography pattern, no direct source found)"
Kyenjojo,Western,2024,1400,"Estimated (regional topography pattern, no direct source found)"
Masindi,Western,2020,1150,"Estimated (regional topography pattern, no direct source found)"
Masindi,Western,2021,1150,"Estimated (regional topography pattern, no direct source found)"
Masindi,Western,2022,1150,"Estimated (regional topography pattern, no direct source found)"
Masindi,Western,2023,1150,"Estimated (regional topography pattern, no direct source found)"
Masindi,Western,2024,1150,"Estimated (regional topography pattern, no direct source found)"
Mbarara,Western,2020,1420,"Estimated (regional topography pattern, no direct source found)"
Mbarara,Western,2021,1420,"Estimated (regional topography pattern, no direct source found)"
Mbarara,Western,2022,1420,"Estimated (regional topography pattern, no direct source found)"
Mbarara,Western,2023,1420,"Estimated (regional topography pattern, no direct source found)"
Mbarara,Western,2024,1420,"Estimated (regional topography pattern, no direct source found)"
Mitooma,Western,2020,1550,"Estimated (regional topography pattern, no direct source found)"
Mitooma,Western,2021,1550,"Estimated (regional topography pattern, no direct source found)"
Mitooma,Western,2022,1550,"Estimated (regional topography pattern, no direct source found)"
Mitooma,Western,2023,1550,"Estimated (regional topography pattern, no direct source found)"
Mitooma,Western,2024,1550,"Estimated (regional topography pattern, no direct source found)"
Ntoroko,Western,2020,720,"Estimated (regional topography pattern, no direct source found)"
Ntoroko,Western,2021,720,"Estimated (regional topography pattern, no direct source found)"
Ntoroko,Western,2022,720,"Estimated (regional topography pattern, no direct source found)"
Ntoroko,Western,2023,720,"Estimated (regional topography pattern, no direct source found)"
Ntoroko,Western,2024,720,"Estimated (regional topography pattern, no direct source found)"
Ntungamo,Western,2020,1400,Confirmed (Wikipedia district/town infobox)
Ntungamo,Western,2021,1400,Confirmed (Wikipedia district/town infobox)
Ntungamo,Western,2022,1400,Confirmed (Wikipedia district/town infobox)
Ntungamo,Western,2023,1400,Confirmed (Wikipedia district/town infobox)
Ntungamo,Western,2024,1400,Confirmed (Wikipedia district/town infobox)
Rubanda,Western,2020,1900,"Estimated (regional topography pattern, no direct source found)"
Rubanda,Western,2021,1900,"Estimated (regional topography pattern, no direct source found)"
Rubanda,Western,2022,1900,"Estimated (regional topography pattern, no direct source found)"
Rubanda,Western,2023,1900,"Estimated (regional topography pattern, no direct source found)"
Rubanda,Western,2024,1900,"Estimated (regional topography pattern, no direct source found)"
Rubirizi,Western,2020,1300,"Estimated (regional topography pattern, no direct source found)"
Rubirizi,Western,2021,1300,"Estimated (regional topography pattern, no direct source found)"
Rubirizi,Western,2022,1300,"Estimated (regional topography pattern, no direct source found)"
Rubirizi,Western,2023,1300,"Estimated (regional topography pattern, no direct source found)"
Rubirizi,Western,2024,1300,"Estimated (regional topography pattern, no direct source found)"
Rukiga,Western,2020,1900,"Estimated (regional topography pattern, no direct source found)"
Rukiga,Western,2021,1900,"Estimated (regional topography pattern, no direct source found)"
Rukiga,Western,2022,1900,"Estimated (regional topography pattern, no direct source found)"
Rukiga,Western,2023,1900,"Estimated (regional topography pattern, no direct source found)"
Rukiga,Western,2024,1900,"Estimated (regional topography pattern, no direct source found)"
Rukungiri,Western,2020,1640,Confirmed (Wikipedia district/town infobox)
Rukungiri,Western,2021,1640,Confirmed (Wikipedia district/town infobox)
Rukungiri,Western,2022,1640,Confirmed (Wikipedia district/town infobox)
Rukungiri,Western,2023,1640,Confirmed (Wikipedia district/town infobox)
Rukungiri,Western,2024,1640,Confirmed (Wikipedia district/town infobox)
Rwampara,Western,2020,1500,"Estimated (regional topography pattern, no direct source found)"
Rwampara,Western,2021,1500,"Estimated (regional topography pattern, no direct source found)"
Rwampara,Western,2022,1500,"Estimated (regional topography pattern, no direct source found)"
Rwampara,Western,2023,1500,"Estimated (regional topography pattern, no direct source found)"
Rwampara,Western,2024,1500,"Estimated (regional topography pattern, no direct source found)"
Sheema,Western,2020,1500,"Estimated (regional topography pattern, no direct source found)"
Sheema,Western,2021,1500,"Estimated (regional topography pattern, no direct source found)"
Sheema,Western,2022,1500,"Estimated (regional topography pattern, no direct source found)"
Sheema,Western,2023,1500,"Estimated (regional topography pattern, no direct source found)"
Sheema,Western,2024,1500,"Estimated (regional topography pattern, no direct source found)"
Arua City,Northern,2020,1300,"Estimated (regional topography pattern, no direct source found)"
Arua City,Northern,2021,1300,"Estimated (regional topography pattern, no direct source found)"
Arua City,Northern,2022,1300,"Estimated (regional topography pattern, no direct source found)"
Arua City,Northern,2023,1300,"Estimated (regional topography pattern, no direct source found)"
Arua City,Northern,2024,1300,"Estimated (regional topography pattern, no direct source found)"
Entebbe City,Central,2020,1140,"Estimated (regional topography pattern, no direct source found)"
Entebbe City,Central,2021,1140,"Estimated (regional topography pattern, no direct source found)"
Entebbe City,Central,2022,1140,"Estimated (regional topography pattern, no direct source found)"
Entebbe City,Central,2023,1140,"Estimated (regional topography pattern, no direct source found)"
Entebbe City,Central,2024,1140,"Estimated (regional topography pattern, no direct source found)"
Fort Portal City,Western,2020,1500,"Estimated (regional topography pattern, no direct source found)"
Fort Portal City,Western,2021,1500,"Estimated (regional topography pattern, no direct source found)"
Fort Portal City,Western,2022,1500,"Estimated (regional topography pattern, no direct source found)"
Fort Portal City,Western,2023,1500,"Estimated (regional topography pattern, no direct source found)"
Fort Portal City,Western,2024,1500,"Estimated (regional topography pattern, no direct source found)"
Gulu City,Northern,2020,1100,"Estimated (regional topography pattern, no direct source found)"
Gulu City,Northern,2021,1100,"Estimated (regional topography pattern, no direct source found)"
Gulu City,Northern,2022,1100,"Estimated (regional topography pattern, no direct source found)"
Gulu City,Northern,2023,1100,"Estimated (regional topography pattern, no direct source found)"
Gulu City,Northern,2024,1100,"Estimated (regional topography pattern, no direct source found)"
Hoima City,Western,2020,1150,"Estimated (regional topography pattern, no direct source found)"
Hoima City,Western,2021,1150,"Estimated (regional topography pattern, no direct source found)"
Hoima City,Western,2022,1150,"Estimated (regional topography pattern, no direct source found)"
Hoima City,Western,2023,1150,"Estimated (regional topography pattern, no direct source found)"
Hoima City,Western,2024,1150,"Estimated (regional topography pattern, no direct source found)"
Jinja City,Eastern,2020,1200,"Estimated (regional topography pattern, no direct source found)"
Jinja City,Eastern,2021,1200,"Estimated (regional topography pattern, no direct source found)"
Jinja City,Eastern,2022,1200,"Estimated (regional topography pattern, no direct source found)"
Jinja City,Eastern,2023,1200,"Estimated (regional topography pattern, no direct source found)"
Jinja City,Eastern,2024,1200,"Estimated (regional topography pattern, no direct source found)"
Lira City,Northern,2020,1080,"Estimated (regional topography pattern, no direct source found)"
Lira City,Northern,2021,1080,"Estimated (regional topography pattern, no direct source found)"
Lira City,Northern,2022,1080,"Estimated (regional topography pattern, no direct source found)"
Lira City,Northern,2023,1080,"Estimated (regional topography pattern, no direct source found)"
Lira City,Northern,2024,1080,"Estimated (regional topography pattern, no direct source found)"
Masaka City,Central,2020,1300,"Estimated (regional topography pattern, no direct source found)"
Masaka City,Central,2021,1300,"Estimated (regional topography pattern, no direct source found)"
Masaka City,Central,2022,1300,"Estimated (regional topography pattern, no direct source found)"
Masaka City,Central,2023,1300,"Estimated (regional topography pattern, no direct source found)"
Masaka City,Central,2024,1300,"Estimated (regional topography pattern, no direct source found)"
Mbale City,Eastern,2020,1200,"Estimated (regional topography pattern, no direct source found)"
Mbale City,Eastern,2021,1200,"Estimated (regional topography pattern, no direct source found)"
Mbale City,Eastern,2022,1200,"Estimated (regional topography pattern, no direct source found)"
Mbale City,Eastern,2023,1200,"Estimated (regional topography pattern, no direct source found)"
Mbale City,Eastern,2024,1200,"Estimated (regional topography pattern, no direct source found)"
Mbarara City,Western,2020,1420,"Estimated (regional topography pattern, no direct source found)"
Mbarara City,Western,2021,1420,"Estimated (regional topography pattern, no direct source found)"
Mbarara City,Western,2022,1420,"Estimated (regional topography pattern, no direct source found)"
Mbarara City,Western,2023,1420,"Estimated (regional topography pattern, no direct source found)"
Mbarara City,Western,2024,1420,"Estimated (regional topography pattern, no direct source found)"
