District,Region,Year,Rainfall_mm,DayTemp_C,NightTemp_C,NDVI,EVI,Wetland_Proximity_Score,Wetland_Proximity_Category,Est_Distance_to_Wetland_km
Buikwe,Central,2020,1565.1,26.2,18.3,0.774,0.679,0.247,Far (>25 km),27.7
Buikwe,Central,2021,1494.4,26.5,18.5,0.784,0.637,0.262,Far (>25 km),28.5
Buikwe,Central,2022,1457.1,26.2,18.6,0.796,0.648,0.252,Far (>25 km),27.5
Buikwe,Central,2023,1356.5,26.2,17.8,0.758,0.629,0.256,Far (>25 km),28.9
Buikwe,Central,2024,1423.2,26.1,17.4,0.732,0.601,0.253,Far (>25 km),29.0
Bukomansimbi,Central,2020,824.3,28.3,15.6,0.509,0.388,0.693,Near (2-10 km),10.8
Bukomansimbi,Central,2021,938.0,28.1,15.7,0.535,0.393,0.768,"Very Near (Adjacent, 0-2 km)",8.7
Bukomansimbi,Central,2022,929.4,28.7,15.9,0.56,0.411,0.683,Near (2-10 km),13.2
Bukomansimbi,Central,2023,1004.5,28.6,16.3,0.536,0.424,0.67,Near (2-10 km),11.4
Bukomansimbi,Central,2024,870.6,28.8,16.3,0.504,0.431,0.704,Near (2-10 km),11.0
Butambala,Central,2020,1403.6,27.9,17.7,0.687,0.525,0.675,Near (2-10 km),11.9
Butambala,Central,2021,1456.7,28.2,18.1,0.697,0.548,0.681,Near (2-10 km),13.2
Butambala,Central,2022,1915.9,28.7,18.1,0.739,0.565,0.755,"Very Near (Adjacent, 0-2 km)",8.6
Butambala,Central,2023,1563.3,27.8,17.5,0.748,0.564,0.69,Near (2-10 km),11.9
Butambala,Central,2024,1706.3,28.1,18.2,0.732,0.555,0.705,Near (2-10 km),12.0
Buvuma,Central,2020,1676.1,25.7,17.7,0.795,0.631,0.178,Far (>25 km),30.5
Buvuma,Central,2021,1770.4,25.6,17.5,0.849,0.626,0.197,Far (>25 km),31.7
Buvuma,Central,2022,1650.0,25.2,18.1,0.819,0.643,0.165,Far (>25 km),32.3
Buvuma,Central,2023,1573.3,25.2,18.8,0.794,0.641,0.198,Far (>25 km),30.8
Buvuma,Central,2024,1344.6,25.4,18.7,0.742,0.631,0.172,Far (>25 km),32.2
Gomba,Central,2020,781.6,27.7,17.6,0.501,0.4,0.696,Near (2-10 km),10.8
Gomba,Central,2021,1065.5,27.7,15.9,0.543,0.387,0.692,Near (2-10 km),11.0
Gomba,Central,2022,1038.4,27.7,17.6,0.55,0.393,0.668,Near (2-10 km),12.2
Gomba,Central,2023,984.6,28.2,18.0,0.552,0.388,0.68,Near (2-10 km),11.9
Gomba,Central,2024,1208.2,28.1,17.9,0.591,0.442,0.693,Near (2-10 km),12.5
Kalangala,Central,2020,1310.8,26.3,18.7,0.741,0.606,0.202,Far (>25 km),31.5
Kalangala,Central,2021,1557.5,26.3,18.2,0.79,0.627,0.203,Far (>25 km),31.0
Kalangala,Central,2022,1266.2,26.0,18.1,0.756,0.603,0.176,Far (>25 km),30.5
Kalangala,Central,2023,1395.8,26.1,18.6,0.718,0.574,0.188,Far (>25 km),31.0
Kalangala,Central,2024,1612.4,26.3,18.5,0.773,0.592,0.19,Far (>25 km),29.8
Kalungu,Central,2020,1019.5,28.1,16.2,0.537,0.419,0.071,Far (>25 km),36.3
Kalungu,Central,2021,1166.1,28.6,16.6,0.568,0.439,0.087,Far (>25 km),35.2
Kalungu,Central,2022,954.3,28.1,16.7,0.528,0.396,0.067,Far (>25 km),35.2
Kalungu,Central,2023,751.4,28.6,16.5,0.509,0.402,0.1,Far (>25 km),34.6
Kalungu,Central,2024,851.9,28.0,16.3,0.498,0.38,0.103,Far (>25 km),33.4
Kampala,Central,2020,1847.9,28.6,18.4,0.424,0.21,0.082,Far (>25 km),35.6
Kampala,Central,2021,1699.4,29.1,18.1,0.488,0.224,0.081,Far (>25 km),35.6
Kampala,Central,2022,1762.2,28.7,18.2,0.453,0.22,0.086,Far (>25 km),33.8
Kampala,Central,2023,1858.8,28.4,18.9,0.453,0.237,0.067,Far (>25 km),36.6
Kampala,Central,2024,1748.0,28.3,17.4,0.41,0.24,0.068,Far (>25 km),34.7
Kasanda,Central,2020,1134.4,27.3,16.8,0.592,0.463,0.81,"Very Near (Adjacent, 0-2 km)",7.7
Kasanda,Central,2021,1193.7,28.4,14.7,0.616,0.456,0.831,"Very Near (Adjacent, 0-2 km)",6.4
Kasanda,Central,2022,1196.0,28.0,15.7,0.614,0.471,0.817,"Very Near (Adjacent, 0-2 km)",7.6
Kasanda,Central,2023,1119.4,27.5,17.3,0.611,0.475,0.808,"Very Near (Adjacent, 0-2 km)",7.0
Kasanda,Central,2024,1218.1,27.5,16.2,0.618,0.491,0.821,"Very Near (Adjacent, 0-2 km)",7.1
Kayunga,Central,2020,1922.9,28.4,17.5,0.78,0.654,0.248,Far (>25 km),27.6
Kayunga,Central,2021,1986.8,28.7,17.9,0.801,0.626,0.252,Far (>25 km),29.0
Kayunga,Central,2022,2169.8,27.6,18.5,0.784,0.627,0.274,Far (>25 km),28.7
Kayunga,Central,2023,1426.2,28.4,18.2,0.809,0.63,0.277,Far (>25 km),26.9
Kayunga,Central,2024,1506.9,27.9,18.2,0.785,0.652,0.277,Far (>25 km),28.6
Kiboga,Central,2020,1205.6,27.5,17.5,0.631,0.478,0.681,Near (2-10 km),10.9
Kiboga,Central,2021,1162.3,27.8,16.0,0.618,0.492,0.682,Near (2-10 km),11.6
Kiboga,Central,2022,1334.7,27.5,15.4,0.655,0.5,0.674,Near (2-10 km),11.3
Kiboga,Central,2023,1339.0,27.6,16.8,0.643,0.472,0.672,Near (2-10 km),13.3
Kiboga,Central,2024,1185.3,27.8,16.2,0.647,0.481,0.669,Near (2-10 km),12.9
Kyankwanzi,Central,2020,940.5,27.0,17.1,0.541,0.432,0.805,"Very Near (Adjacent, 0-2 km)",6.7
Kyankwanzi,Central,2021,1226.2,27.6,15.4,0.607,0.457,0.829,"Very Near (Adjacent, 0-2 km)",6.0
Kyankwanzi,Central,2022,1266.1,28.2,17.5,0.633,0.44,0.804,"Very Near (Adjacent, 0-2 km)",7.3
Kyankwanzi,Central,2023,1364.1,27.4,17.1,0.65,0.476,0.824,"Very Near (Adjacent, 0-2 km)",6.7
Kyankwanzi,Central,2024,1119.6,28.1,16.6,0.606,0.458,0.831,"Very Near (Adjacent, 0-2 km)",6.2
Kyotera,Central,2020,1011.5,28.3,16.2,0.579,0.403,0.818,"Very Near (Adjacent, 0-2 km)",7.4
Kyotera,Central,2021,1167.7,28.0,15.0,0.602,0.421,0.815,"Very Near (Adjacent, 0-2 km)",7.6
Kyotera,Central,2022,875.7,28.5,15.5,0.596,0.396,0.815,"Very Near (Adjacent, 0-2 km)",6.2
Kyotera,Central,2023,1070.4,28.4,15.0,0.58,0.396,0.802,"Very Near (Adjacent, 0-2 km)",8.2
Kyotera,Central,2024,1186.9,28.4,16.0,0.607,0.459,0.826,"Very Near (Adjacent, 0-2 km)",7.7
Luweero,Central,2020,1563.3,28.6,17.2,0.728,0.596,0.824,"Very Near (Adjacent, 0-2 km)",6.9
Luweero,Central,2021,1641.9,28.9,16.9,0.73,0.594,0.803,"Very Near (Adjacent, 0-2 km)",8.3
Luweero,Central,2022,1882.5,29.1,18.1,0.729,0.584,0.801,"Very Near (Adjacent, 0-2 km)",7.4
Luweero,Central,2023,1776.0,28.4,17.6,0.728,0.606,0.802,"Very Near (Adjacent, 0-2 km)",7.2
Luweero,Central,2024,2054.4,28.7,17.9,0.712,0.586,0.809,"Very Near (Adjacent, 0-2 km)",7.1
Lwengo,Central,2020,920.7,28.6,15.4,0.518,0.387,0.092,Far (>25 km),34.6
Lwengo,Central,2021,848.2,28.3,16.3,0.51,0.344,0.073,Far (>25 km),35.9
Lwengo,Central,2022,936.5,27.9,16.5,0.538,0.399,0.093,Far (>25 km),35.3
Lwengo,Central,2023,1181.8,27.9,16.3,0.605,0.387,0.065,Far (>25 km),35.8
Lwengo,Central,2024,1027.2,28.5,16.6,0.606,0.367,0.099,Far (>25 km),33.7
Lyantonde,Central,2020,780.7,27.8,15.7,0.52,0.391,0.071,Far (>25 km),36.1
Lyantonde,Central,2021,665.3,27.6,15.6,0.509,0.393,0.078,Far (>25 km),34.8
Lyantonde,Central,2022,752.3,27.9,15.0,0.514,0.378,0.096,Far (>25 km),34.1
Lyantonde,Central,2023,997.8,27.8,16.0,0.54,0.42,0.071,Far (>25 km),34.6
Lyantonde,Central,2024,878.8,28.2,15.9,0.548,0.419,0.077,Far (>25 km),35.5
Masaka,Central,2020,699.3,28.4,16.8,0.511,0.4,0.678,Near (2-10 km),12.9
Masaka,Central,2021,892.3,28.7,16.2,0.514,0.41,0.586,Near (2-10 km),15.1
Masaka,Central,2022,856.6,28.6,15.9,0.503,0.391,0.608,Near (2-10 km),14.8
Masaka,Central,2023,1014.6,28.5,16.9,0.573,0.42,0.603,Near (2-10 km),16.1
Masaka,Central,2024,1065.5,27.7,15.6,0.581,0.479,0.594,Near (2-10 km),14.7
Mityana,Central,2020,1455.3,27.9,16.8,0.707,0.514,0.798,"Very Near (Adjacent, 0-2 km)",7.6
Mityana,Central,2021,1152.7,27.3,16.1,0.672,0.511,0.809,"Very Near (Adjacent, 0-2 km)",7.2
Mityana,Central,2022,1233.8,27.4,16.3,0.626,0.505,0.797,"Very Near (Adjacent, 0-2 km)",6.5
Mityana,Central,2023,1400.5,27.6,17.5,0.698,0.504,0.812,"Very Near (Adjacent, 0-2 km)",7.8
Mityana,Central,2024,1226.9,27.9,17.3,0.696,0.51,0.809,"Very Near (Adjacent, 0-2 km)",8.2
Mpigi,Central,2020,1394.4,28.5,18.1,0.674,0.478,0.69,Near (2-10 km),11.5
Mpigi,Central,2021,2259.9,29.0,18.2,0.712,0.509,0.698,Near (2-10 km),10.8
Mpigi,Central,2022,2176.5,28.7,17.9,0.719,0.535,0.691,Near (2-10 km),12.6
Mpigi,Central,2023,2020.2,28.5,18.6,0.702,0.562,0.688,Near (2-10 km),11.4
Mpigi,Central,2024,1148.3,28.6,19.1,0.65,0.544,0.671,Near (2-10 km),12.7
Mubende,Central,2020,1017.2,28.2,18.2,0.572,0.43,0.804,"Very Near (Adjacent, 0-2 km)",7.1
Mubende,Central,2021,1140.3,27.3,16.8,0.608,0.425,0.818,"Very Near (Adjacent, 0-2 km)",8.0
Mubende,Central,2022,1170.9,26.9,17.1,0.622,0.486,0.824,"Very Near (Adjacent, 0-2 km)",6.7
Mubende,Central,2023,1114.4,27.9,15.3,0.608,0.493,0.831,"Very Near (Adjacent, 0-2 km)",6.0
Mubende,Central,2024,1028.0,28.1,15.7,0.615,0.441,0.812,"Very Near (Adjacent, 0-2 km)",7.6
Mukono,Central,2020,1577.2,26.0,18.1,0.785,0.635,0.269,Far (>25 km),27.1
Mukono,Central,2021,1427.3,25.8,18.2,0.788,0.618,0.263,Far (>25 km),28.8
Mukono,Central,2022,1460.7,26.2,18.3,0.801,0.62,0.256,Far (>25 km),28.8
Mukono,Central,2023,1555.3,26.0,18.3,0.792,0.598,0.249,Far (>25 km),29.6
Mukono,Central,2024,1576.8,25.6,18.4,0.76,0.604,0.274,Far (>25 km),27.2
Nakaseke,Central,2020,1356.9,28.0,16.7,0.642,0.482,0.836,"Very Near (Adjacent, 0-2 km)",6.9
Nakaseke,Central,2021,1678.7,27.6,17.1,0.686,0.499,0.799,"Very Near (Adjacent, 0-2 km)",7.0
Nakaseke,Central,2022,1951.3,28.1,18.4,0.714,0.546,0.816,"Very Near (Adjacent, 0-2 km)",8.2
Nakaseke,Central,2023,1890.1,27.9,18.0,0.748,0.562,0.802,"Very Near (Adjacent, 0-2 km)",6.4
Nakaseke,Central,2024,1710.8,28.5,17.5,0.714,0.528,0.809,"Very Near (Adjacent, 0-2 km)",6.2
Nakasongola,Central,2020,1747.6,28.5,18.3,0.72,0.514,0.683,Near (2-10 km),12.1
Nakasongola,Central,2021,1834.5,28.9,18.0,0.733,0.526,0.684,Near (2-10 km),11.1
Nakasongola,Central,2022,1784.0,28.9,18.5,0.723,0.561,0.668,Near (2-10 km),13.3
Nakasongola,Central,2023,2097.0,28.9,18.5,0.674,0.565,0.684,Near (2-10 km),12.0
Nakasongola,Central,2024,2009.9,28.2,18.7,0.713,0.547,0.686,Near (2-10 km),12.4
Rakai,Central,2020,1274.2,28.4,16.6,0.683,0.537,0.099,Far (>25 km),35.0
Rakai,Central,2021,1224.1,28.6,16.6,0.673,0.53,0.092,Far (>25 km),34.1
Rakai,Central,2022,1006.2,28.4,16.3,0.599,0.481,0.07,Far (>25 km),34.4
Rakai,Central,2023,972.1,28.0,16.6,0.567,0.467,0.098,Far (>25 km),33.2
Rakai,Central,2024,1305.0,28.2,16.6,0.611,0.468,0.086,Far (>25 km),35.7
Sembabule,Central,2020,952.7,27.7,16.1,0.597,0.432,0.076,Far (>25 km),34.8
Sembabule,Central,2021,907.4,27.9,16.0,0.578,0.428,0.08,Far (>25 km),36.0
Sembabule,Central,2022,1019.5,27.5,15.4,0.574,0.438,0.091,Far (>25 km),35.4
Sembabule,Central,2023,819.1,27.7,16.7,0.573,0.463,0.065,Far (>25 km),36.1
Sembabule,Central,2024,807.6,28.2,16.6,0.538,0.418,0.081,Far (>25 km),34.7
Wakiso,Central,2020,1568.1,28.0,17.3,0.536,0.322,0.096,Far (>25 km),34.9
Wakiso,Central,2021,1599.2,28.4,17.8,0.504,0.311,0.1,Far (>25 km),34.8
Wakiso,Central,2022,1196.6,27.8,18.1,0.44,0.279,0.1,Far (>25 km),34.0
Wakiso,Central,2023,1713.4,27.6,18.4,0.484,0.26,0.086,Far (>25 km),35.4
Wakiso,Central,2024,1933.5,27.7,18.5,0.52,0.314,0.081,Far (>25 km),34.1
Amuria,Eastern,2020,1560.7,30.4,18.4,0.73,0.575,0.82,"Very Near (Adjacent, 0-2 km)",7.7
Amuria,Eastern,2021,1201.4,30.6,18.5,0.679,0.574,0.731,Near (2-10 km),9.3
Amuria,Eastern,2022,1194.7,29.9,18.3,0.61,0.531,0.812,"Very Near (Adjacent, 0-2 km)",6.5
Amuria,Eastern,2023,1110.5,29.8,18.8,0.586,0.521,0.81,"Very Near (Adjacent, 0-2 km)",8.3
Amuria,Eastern,2024,1078.6,30.2,18.9,0.572,0.493,0.814,"Very Near (Adjacent, 0-2 km)",6.6
Budaka,Eastern,2020,1375.6,30.1,17.5,0.654,0.52,0.808,"Very Near (Adjacent, 0-2 km)",7.2
Budaka,Eastern,2021,1424.3,30.3,17.5,0.678,0.511,0.823,"Very Near (Adjacent, 0-2 km)",6.3
Budaka,Eastern,2022,1004.4,29.7,17.3,0.613,0.492,0.804,"Very Near (Adjacent, 0-2 km)",6.8
Budaka,Eastern,2023,1155.9,30.0,17.4,0.624,0.477,0.807,"Very Near (Adjacent, 0-2 km)",8.3
Budaka,Eastern,2024,1383.7,30.1,17.4,0.647,0.465,0.803,"Very Near (Adjacent, 0-2 km)",8.1
Bududa,Eastern,2020,2288.2,28.1,16.2,0.793,0.659,0.801,"Very Near (Adjacent, 0-2 km)",8.2
Bududa,Eastern,2021,2061.8,28.0,16.4,0.799,0.639,0.807,"Very Near (Adjacent, 0-2 km)",8.0
Bududa,Eastern,2022,1851.6,28.3,16.2,0.808,0.629,0.814,"Very Near (Adjacent, 0-2 km)",6.1
Bududa,Eastern,2023,1981.4,28.6,16.4,0.821,0.644,0.8,"Very Near (Adjacent, 0-2 km)",8.3
Bududa,Eastern,2024,1950.7,28.3,15.7,0.801,0.641,0.818,"Very Near (Adjacent, 0-2 km)",6.9
Bugiri,Eastern,2020,1247.5,29.0,16.8,0.625,0.521,0.911,"Very Near (Adjacent, 0-2 km)",3.8
Bugiri,Eastern,2021,1312.5,29.0,17.1,0.609,0.532,0.916,"Very Near (Adjacent, 0-2 km)",2.1
Bugiri,Eastern,2022,1515.6,28.7,17.9,0.689,0.55,0.921,"Very Near (Adjacent, 0-2 km)",2.6
Bugiri,Eastern,2023,1377.2,28.9,17.3,0.706,0.556,0.831,"Very Near (Adjacent, 0-2 km)",6.5
Bugiri,Eastern,2024,1428.3,28.4,17.2,0.689,0.521,0.928,"Very Near (Adjacent, 0-2 km)",1.8
Bugweri,Eastern,2020,1299.0,29.1,17.0,0.634,0.492,0.825,"Very Near (Adjacent, 0-2 km)",6.9
Bugweri,Eastern,2021,1183.8,29.3,17.3,0.598,0.448,0.831,"Very Near (Adjacent, 0-2 km)",7.3
Bugweri,Eastern,2022,1254.4,28.9,17.0,0.618,0.449,0.819,"Very Near (Adjacent, 0-2 km)",7.1
Bugweri,Eastern,2023,1312.8,28.9,16.8,0.637,0.459,0.827,"Very Near (Adjacent, 0-2 km)",6.0
Bugweri,Eastern,2024,1346.5,28.6,17.2,0.691,0.482,0.818,"Very Near (Adjacent, 0-2 km)",7.6
Bukedea,Eastern,2020,1378.0,31.0,18.5,0.671,0.527,0.82,"Very Near (Adjacent, 0-2 km)",6.9
Bukedea,Eastern,2021,1231.1,30.5,17.8,0.632,0.489,0.831,"Very Near (Adjacent, 0-2 km)",7.6
Bukedea,Eastern,2022,1399.6,31.3,19.1,0.603,0.528,0.807,"Very Near (Adjacent, 0-2 km)",6.3
Bukedea,Eastern,2023,1331.4,30.8,19.4,0.656,0.503,0.821,"Very Near (Adjacent, 0-2 km)",6.0
Bukedea,Eastern,2024,1360.7,30.9,18.5,0.662,0.521,0.835,"Very Near (Adjacent, 0-2 km)",6.2
Bukwo,Eastern,2020,1717.7,27.8,16.0,0.768,0.605,0.818,"Very Near (Adjacent, 0-2 km)",7.7
Bukwo,Eastern,2021,2255.6,28.2,15.9,0.788,0.653,0.831,"Very Near (Adjacent, 0-2 km)",5.6
Bukwo,Eastern,2022,2104.9,27.7,16.0,0.762,0.624,0.815,"Very Near (Adjacent, 0-2 km)",6.3
Bukwo,Eastern,2023,2134.9,28.1,16.0,0.851,0.664,0.815,"Very Near (Adjacent, 0-2 km)",6.1
Bukwo,Eastern,2024,2093.1,28.4,16.4,0.848,0.679,0.832,"Very Near (Adjacent, 0-2 km)",6.0
Bulambuli,Eastern,2020,2205.9,28.6,15.9,0.811,0.693,0.812,"Very Near (Adjacent, 0-2 km)",8.1
Bulambuli,Eastern,2021,2085.1,28.7,15.9,0.802,0.692,0.83,"Very Near (Adjacent, 0-2 km)",6.1
Bulambuli,Eastern,2022,1994.8,29.4,16.0,0.758,0.673,0.817,"Very Near (Adjacent, 0-2 km)",7.3
Bulambuli,Eastern,2023,1914.6,28.5,16.1,0.776,0.657,0.804,"Very Near (Adjacent, 0-2 km)",6.6
Bulambuli,Eastern,2024,2007.7,28.4,16.2,0.757,0.687,0.831,"Very Near (Adjacent, 0-2 km)",5.6
Busia,Eastern,2020,1544.0,29.8,17.5,0.724,0.537,0.825,"Very Near (Adjacent, 0-2 km)",7.2
Busia,Eastern,2021,1522.2,29.7,17.5,0.672,0.526,0.82,"Very Near (Adjacent, 0-2 km)",6.5
Busia,Eastern,2022,1637.8,30.3,17.5,0.678,0.514,0.831,"Very Near (Adjacent, 0-2 km)",7.1
Busia,Eastern,2023,1221.3,30.1,17.2,0.674,0.513,0.8,"Very Near (Adjacent, 0-2 km)",8.6
Busia,Eastern,2024,1248.4,30.5,17.4,0.685,0.494,0.822,"Very Near (Adjacent, 0-2 km)",6.3
Butaleja,Eastern,2020,1434.8,30.4,17.3,0.658,0.496,0.803,"Very Near (Adjacent, 0-2 km)",6.5
Butaleja,Eastern,2021,1457.8,30.4,17.4,0.642,0.506,0.829,"Very Near (Adjacent, 0-2 km)",7.3
Butaleja,Eastern,2022,1611.5,30.3,17.4,0.699,0.508,0.811,"Very Near (Adjacent, 0-2 km)",6.4
Butaleja,Eastern,2023,1386.1,31.0,17.1,0.701,0.527,0.8,"Very Near (Adjacent, 0-2 km)",7.4
Butaleja,Eastern,2024,1567.7,30.7,17.6,0.69,0.515,0.809,"Very Near (Adjacent, 0-2 km)",6.2
Butebo,Eastern,2020,1254.1,29.9,17.3,0.617,0.504,0.809,"Very Near (Adjacent, 0-2 km)",8.0
Butebo,Eastern,2021,1539.4,30.8,17.7,0.65,0.5,0.799,"Very Near (Adjacent, 0-2 km)",7.4
Butebo,Eastern,2022,1489.0,30.3,17.6,0.65,0.536,0.817,"Very Near (Adjacent, 0-2 km)",6.1
Butebo,Eastern,2023,1570.8,29.9,17.6,0.671,0.536,0.798,"Very Near (Adjacent, 0-2 km)",6.7
Butebo,Eastern,2024,1585.4,29.6,17.9,0.721,0.538,0.802,"Very Near (Adjacent, 0-2 km)",8.7
Buyende,Eastern,2020,1160.7,28.7,17.0,0.619,0.493,0.831,"Very Near (Adjacent, 0-2 km)",6.9
Buyende,Eastern,2021,1274.4,28.3,16.9,0.669,0.523,0.833,"Very Near (Adjacent, 0-2 km)",5.9
Buyende,Eastern,2022,1316.3,28.5,17.4,0.657,0.542,0.807,"Very Near (Adjacent, 0-2 km)",8.2
Buyende,Eastern,2023,1168.3,28.4,17.7,0.629,0.539,0.821,"Very Near (Adjacent, 0-2 km)",7.8
Buyende,Eastern,2024,1100.4,28.7,17.2,0.589,0.514,0.811,"Very Near (Adjacent, 0-2 km)",7.0
Iganga,Eastern,2020,1205.1,28.7,16.1,0.615,0.449,0.825,"Very Near (Adjacent, 0-2 km)",7.6
Iganga,Eastern,2021,1242.5,28.2,16.7,0.595,0.474,0.803,"Very Near (Adjacent, 0-2 km)",6.9
Iganga,Eastern,2022,1326.1,28.5,17.0,0.588,0.465,0.797,"Very Near (Adjacent, 0-2 km)",7.9
Iganga,Eastern,2023,1434.8,28.4,16.9,0.649,0.49,0.834,"Very Near (Adjacent, 0-2 km)",6.5
Iganga,Eastern,2024,1275.6,28.7,17.3,0.672,0.524,0.803,"Very Near (Adjacent, 0-2 km)",7.9
Jinja,Eastern,2020,1177.4,28.7,17.8,0.706,0.57,0.273,Far (>25 km),26.7
Jinja,Eastern,2021,1275.0,28.8,17.1,0.738,0.615,0.283,Far (>25 km),27.6
Jinja,Eastern,2022,1096.3,28.5,17.1,0.708,0.647,0.266,Far (>25 km),27.5
Jinja,Eastern,2023,1126.4,28.7,17.2,0.677,0.618,0.253,Far (>25 km),28.3
Jinja,Eastern,2024,1205.3,29.2,17.5,0.689,0.59,0.261,Far (>25 km),27.4
Kaberamaido,Eastern,2020,927.6,30.5,17.0,0.532,0.444,0.693,Near (2-10 km),12.1
Kaberamaido,Eastern,2021,1263.0,30.8,18.3,0.561,0.447,0.705,Near (2-10 km),12.3
Kaberamaido,Eastern,2022,1408.3,30.7,18.4,0.584,0.475,0.685,Near (2-10 km),12.5
Kaberamaido,Eastern,2023,1433.8,31.2,18.9,0.603,0.499,0.682,Near (2-10 km),11.9
Kaberamaido,Eastern,2024,1739.0,30.3,19.7,0.661,0.476,0.689,Near (2-10 km),13.0
Kalaki,Eastern,2020,1268.0,30.4,18.7,0.638,0.494,0.668,Near (2-10 km),12.5
Kalaki,Eastern,2021,1218.9,30.3,18.1,0.62,0.454,0.68,Near (2-10 km),12.9
Kalaki,Eastern,2022,1151.8,30.7,19.1,0.64,0.455,0.705,Near (2-10 km),11.1
Kalaki,Eastern,2023,1158.9,30.7,19.0,0.626,0.478,0.67,Near (2-10 km),12.8
Kalaki,Eastern,2024,1348.8,30.5,18.4,0.653,0.464,0.69,Near (2-10 km),12.2
Kaliro,Eastern,2020,1328.9,28.6,17.1,0.676,0.497,0.828,"Very Near (Adjacent, 0-2 km)",6.4
Kaliro,Eastern,2021,1115.6,28.1,17.3,0.618,0.475,0.819,"Very Near (Adjacent, 0-2 km)",7.5
Kaliro,Eastern,2022,1371.1,28.8,17.0,0.602,0.479,0.798,"Very Near (Adjacent, 0-2 km)",7.1
Kaliro,Eastern,2023,1327.8,28.7,17.1,0.642,0.492,0.824,"Very Near (Adjacent, 0-2 km)",7.8
Kaliro,Eastern,2024,1370.6,28.6,16.3,0.639,0.5,0.834,"Very Near (Adjacent, 0-2 km)",5.8
Kamuli,Eastern,2020,1304.9,28.8,17.0,0.672,0.498,0.836,"Very Near (Adjacent, 0-2 km)",5.7
Kamuli,Eastern,2021,1409.0,29.2,17.1,0.68,0.492,0.815,"Very Near (Adjacent, 0-2 km)",6.2
Kamuli,Eastern,2022,1268.5,28.9,17.5,0.678,0.509,0.821,"Very Near (Adjacent, 0-2 km)",6.5
Kamuli,Eastern,2023,1244.5,29.2,18.2,0.669,0.489,0.824,"Very Near (Adjacent, 0-2 km)",7.8
Kamuli,Eastern,2024,1413.5,28.7,17.3,0.631,0.472,0.802,"Very Near (Adjacent, 0-2 km)",7.9
Kapchorwa,Eastern,2020,2228.9,27.8,16.2,0.814,0.693,0.821,"Very Near (Adjacent, 0-2 km)",6.3
Kapchorwa,Eastern,2021,1972.1,28.4,16.1,0.794,0.66,0.798,"Very Near (Adjacent, 0-2 km)",8.7
Kapchorwa,Eastern,2022,2204.0,27.8,16.0,0.782,0.641,0.824,"Very Near (Adjacent, 0-2 km)",7.0
Kapchorwa,Eastern,2023,2300.6,27.8,16.2,0.782,0.674,0.801,"Very Near (Adjacent, 0-2 km)",8.5
Kapchorwa,Eastern,2024,2158.4,28.0,16.5,0.806,0.672,0.813,"Very Near (Adjacent, 0-2 km)",7.0
Kapelebyong,Eastern,2020,1360.3,30.0,18.1,0.679,0.469,0.819,"Very Near (Adjacent, 0-2 km)",6.7
Kapelebyong,Eastern,2021,1508.0,30.2,18.5,0.711,0.488,0.735,Near (2-10 km),10.0
Kapelebyong,Eastern,2022,1416.2,30.5,19.0,0.661,0.536,0.824,"Very Near (Adjacent, 0-2 km)",7.3
Kapelebyong,Eastern,2023,1155.0,30.8,18.3,0.62,0.562,0.834,"Very Near (Adjacent, 0-2 km)",5.5
Kapelebyong,Eastern,2024,1620.7,30.9,18.1,0.622,0.519,0.81,"Very Near (Adjacent, 0-2 km)",8.3
Katakwi,Eastern,2020,1018.5,30.1,19.6,0.563,0.451,0.271,Far (>25 km),27.4
Katakwi,Eastern,2021,1166.9,30.3,18.7,0.597,0.47,0.282,Far (>25 km),26.4
Katakwi,Eastern,2022,1192.8,30.1,18.5,0.59,0.47,0.257,Far (>25 km),27.2
Katakwi,Eastern,2023,1332.9,30.3,17.5,0.627,0.44,0.273,Far (>25 km),27.6
Katakwi,Eastern,2024,1211.8,30.7,19.0,0.628,0.48,0.259,Far (>25 km),28.0
Kibuku,Eastern,2020,1444.3,30.0,17.5,0.705,0.537,0.807,"Very Near (Adjacent, 0-2 km)",7.8
Kibuku,Eastern,2021,1567.9,30.7,17.7,0.696,0.528,0.827,"Very Near (Adjacent, 0-2 km)",6.3
Kibuku,Eastern,2022,1288.5,29.7,17.5,0.652,0.479,0.831,"Very Near (Adjacent, 0-2 km)",5.3
Kibuku,Eastern,2023,1503.3,30.4,17.6,0.661,0.48,0.819,"Very Near (Adjacent, 0-2 km)",6.0
Kibuku,Eastern,2024,1494.4,30.5,17.5,0.715,0.507,0.801,"Very Near (Adjacent, 0-2 km)",7.7
Kumi,Eastern,2020,1225.9,29.9,19.2,0.645,0.485,0.587,Near (2-10 km),14.7
Kumi,Eastern,2021,1261.9,30.3,18.7,0.637,0.49,0.589,Near (2-10 km),15.3
Kumi,Eastern,2022,1546.1,30.7,18.4,0.679,0.497,0.617,Near (2-10 km),14.0
Kumi,Eastern,2023,1455.8,30.7,19.0,0.686,0.529,0.588,Near (2-10 km),16.3
Kumi,Eastern,2024,1335.0,30.8,18.8,0.674,0.532,0.616,Near (2-10 km),15.8
Kween,Eastern,2020,2029.3,28.5,16.4,0.796,0.639,0.799,"Very Near (Adjacent, 0-2 km)",6.8
Kween,Eastern,2021,2067.7,28.0,16.1,0.791,0.637,0.814,"Very Near (Adjacent, 0-2 km)",8.2
Kween,Eastern,2022,2263.7,28.5,16.2,0.77,0.653,0.818,"Very Near (Adjacent, 0-2 km)",7.8
Kween,Eastern,2023,2276.3,28.3,15.9,0.772,0.643,0.806,"Very Near (Adjacent, 0-2 km)",7.3
Kween,Eastern,2024,1956.7,28.2,16.6,0.819,0.686,0.824,"Very Near (Adjacent, 0-2 km)",6.0
Luuka,Eastern,2020,1356.2,28.7,17.1,0.67,0.498,0.084,Far (>25 km),35.6
Luuka,Eastern,2021,1220.5,28.6,16.4,0.647,0.499,0.096,Far (>25 km),34.8
Luuka,Eastern,2022,1324.8,28.5,17.2,0.645,0.508,0.096,Far (>25 km),35.5
Luuka,Eastern,2023,1507.7,29.3,16.9,0.675,0.489,0.088,Far (>25 km),34.1
Luuka,Eastern,2024,1076.5,29.0,17.1,0.635,0.509,0.072,Far (>25 km),34.2
Manafwa,Eastern,2020,2292.4,28.5,16.3,0.787,0.66,0.833,"Very Near (Adjacent, 0-2 km)",6.5
Manafwa,Eastern,2021,1924.7,28.6,16.3,0.797,0.645,0.821,"Very Near (Adjacent, 0-2 km)",7.7
Manafwa,Eastern,2022,1732.8,28.7,15.7,0.803,0.637,0.824,"Very Near (Adjacent, 0-2 km)",6.4
Manafwa,Eastern,2023,2262.3,27.6,16.0,0.787,0.616,0.82,"Very Near (Adjacent, 0-2 km)",5.8
Manafwa,Eastern,2024,2356.0,28.0,16.2,0.778,0.611,0.807,"Very Near (Adjacent, 0-2 km)",7.0
Mayuge,Eastern,2020,1251.0,28.5,17.2,0.61,0.501,0.928,"Very Near (Adjacent, 0-2 km)",3.1
Mayuge,Eastern,2021,1216.8,28.7,17.2,0.594,0.478,0.921,"Very Near (Adjacent, 0-2 km)",2.8
Mayuge,Eastern,2022,1242.8,28.5,16.9,0.629,0.474,0.911,"Very Near (Adjacent, 0-2 km)",3.1
Mayuge,Eastern,2023,1340.3,28.7,17.1,0.595,0.473,0.899,"Very Near (Adjacent, 0-2 km)",3.5
Mayuge,Eastern,2024,1236.2,28.5,17.5,0.605,0.481,0.933,"Very Near (Adjacent, 0-2 km)",3.3
Mbale,Eastern,2020,2071.7,28.7,15.8,0.788,0.642,0.807,"Very Near (Adjacent, 0-2 km)",7.3
Mbale,Eastern,2021,2247.6,28.5,15.8,0.782,0.646,0.826,"Very Near (Adjacent, 0-2 km)",5.9
Mbale,Eastern,2022,2306.4,28.3,15.9,0.793,0.662,0.811,"Very Near (Adjacent, 0-2 km)",7.4
Mbale,Eastern,2023,2148.4,28.5,15.8,0.819,0.69,0.804,"Very Near (Adjacent, 0-2 km)",8.4
Mbale,Eastern,2024,1725.9,28.3,16.1,0.811,0.68,0.797,"Very Near (Adjacent, 0-2 km)",8.6
Namayingo,Eastern,2020,1525.7,30.1,17.4,0.704,0.567,0.19,Far (>25 km),30.5
Namayingo,Eastern,2021,1332.7,30.3,17.5,0.666,0.531,0.175,Far (>25 km),32.2
Namayingo,Eastern,2022,1499.6,29.6,17.6,0.68,0.518,0.192,Far (>25 km),30.0
Namayingo,Eastern,2023,1733.3,29.8,17.7,0.718,0.504,0.176,Far (>25 km),30.3
Namayingo,Eastern,2024,1614.3,30.2,17.7,0.711,0.521,0.188,Far (>25 km),30.7
Namisindwa,Eastern,2020,2144.2,28.2,15.7,0.777,0.667,0.809,"Very Near (Adjacent, 0-2 km)",7.7
Namisindwa,Eastern,2021,2105.0,27.9,15.9,0.763,0.651,0.807,"Very Near (Adjacent, 0-2 km)",6.5
Namisindwa,Eastern,2022,2082.5,28.2,15.6,0.759,0.643,0.829,"Very Near (Adjacent, 0-2 km)",7.4
Namisindwa,Eastern,2023,2102.3,28.5,16.1,0.752,0.621,0.829,"Very Near (Adjacent, 0-2 km)",6.6
Namisindwa,Eastern,2024,1789.0,28.4,16.7,0.798,0.626,0.825,"Very Near (Adjacent, 0-2 km)",7.5
Namutumba,Eastern,2020,1167.1,28.8,16.9,0.614,0.461,0.798,"Very Near (Adjacent, 0-2 km)",7.2
Namutumba,Eastern,2021,1275.7,28.7,16.1,0.621,0.467,0.811,"Very Near (Adjacent, 0-2 km)",7.7
Namutumba,Eastern,2022,1228.2,28.5,16.7,0.652,0.502,0.81,"Very Near (Adjacent, 0-2 km)",7.9
Namutumba,Eastern,2023,1300.4,28.8,17.0,0.635,0.504,0.807,"Very Near (Adjacent, 0-2 km)",8.4
Namutumba,Eastern,2024,1035.0,28.6,17.4,0.617,0.504,0.814,"Very Near (Adjacent, 0-2 km)",7.3
Ngora,Eastern,2020,1252.7,29.5,18.2,0.647,0.516,0.608,Near (2-10 km),15.7
Ngora,Eastern,2021,1378.4,30.4,18.8,0.626,0.49,0.606,Near (2-10 km),14.3
Ngora,Eastern,2022,1352.8,31.0,18.3,0.611,0.508,0.601,Near (2-10 km),15.3
Ngora,Eastern,2023,1505.7,31.0,17.7,0.638,0.502,0.586,Near (2-10 km),16.5
Ngora,Eastern,2024,1669.9,31.0,17.9,0.697,0.491,0.596,Near (2-10 km),16.4
Pallisa,Eastern,2020,1986.2,30.5,17.3,0.746,0.559,0.812,"Very Near (Adjacent, 0-2 km)",8.2
Pallisa,Eastern,2021,1550.1,29.9,17.4,0.705,0.545,0.826,"Very Near (Adjacent, 0-2 km)",6.4
Pallisa,Eastern,2022,1390.2,30.7,17.3,0.708,0.507,0.825,"Very Near (Adjacent, 0-2 km)",5.5
Pallisa,Eastern,2023,1499.0,30.2,17.0,0.696,0.563,0.8,"Very Near (Adjacent, 0-2 km)",7.8
Pallisa,Eastern,2024,1368.8,30.4,16.9,0.672,0.535,0.809,"Very Near (Adjacent, 0-2 km)",7.0
Serere,Eastern,2020,1124.1,30.0,18.5,0.584,0.469,0.192,Far (>25 km),30.6
Serere,Eastern,2021,1238.9,29.4,19.0,0.599,0.442,0.188,Far (>25 km),31.4
Serere,Eastern,2022,1290.6,30.0,18.8,0.584,0.451,0.197,Far (>25 km),29.6
Serere,Eastern,2023,1382.7,30.4,19.0,0.606,0.466,0.196,Far (>25 km),31.1
Serere,Eastern,2024,1350.5,30.6,19.1,0.607,0.453,0.172,Far (>25 km),30.5
Sironko,Eastern,2020,2457.6,29.3,15.9,0.81,0.688,0.804,"Very Near (Adjacent, 0-2 km)",6.5
Sironko,Eastern,2021,2152.2,28.7,15.9,0.847,0.691,0.819,"Very Near (Adjacent, 0-2 km)",8.1
Sironko,Eastern,2022,2089.6,28.8,16.1,0.878,0.708,0.816,"Very Near (Adjacent, 0-2 km)",6.5
Sironko,Eastern,2023,1974.6,29.0,16.4,0.832,0.67,0.803,"Very Near (Adjacent, 0-2 km)",8.6
Sironko,Eastern,2024,1936.6,29.0,16.3,0.782,0.67,0.819,"Very Near (Adjacent, 0-2 km)",6.2
Soroti,Eastern,2020,1206.2,31.2,19.2,0.61,0.463,0.2,Far (>25 km),30.2
Soroti,Eastern,2021,1173.5,31.2,19.4,0.591,0.442,0.203,Far (>25 km),30.3
Soroti,Eastern,2022,1132.9,30.8,19.0,0.634,0.417,0.173,Far (>25 km),30.7
Soroti,Eastern,2023,1467.0,30.4,19.0,0.674,0.461,0.164,Far (>25 km),32.5
Soroti,Eastern,2024,1269.9,30.6,18.7,0.64,0.467,0.176,Far (>25 km),31.9
Tororo,Eastern,2020,1747.0,30.5,17.5,0.739,0.608,0.83,"Very Near (Adjacent, 0-2 km)",6.2
Tororo,Eastern,2021,1338.7,31.3,17.5,0.708,0.544,0.817,"Very Near (Adjacent, 0-2 km)",7.5
Tororo,Eastern,2022,1430.5,31.0,17.2,0.662,0.554,0.822,"Very Near (Adjacent, 0-2 km)",6.4
Tororo,Eastern,2023,1514.6,30.7,17.4,0.672,0.559,0.805,"Very Near (Adjacent, 0-2 km)",6.9
Tororo,Eastern,2024,1404.9,29.8,17.2,0.668,0.542,0.798,"Very Near (Adjacent, 0-2 km)",8.0
Abim,Northern,2020,846.0,29.1,18.5,0.457,0.344,0.822,"Very Near (Adjacent, 0-2 km)",7.4
Abim,Northern,2021,819.4,29.6,18.7,0.456,0.351,0.814,"Very Near (Adjacent, 0-2 km)",7.6
Abim,Northern,2022,832.9,29.5,19.3,0.448,0.312,0.819,"Very Near (Adjacent, 0-2 km)",7.7
Abim,Northern,2023,733.7,29.4,19.3,0.441,0.347,0.719,Near (2-10 km),11.1
Abim,Northern,2024,908.6,29.7,19.0,0.446,0.334,0.821,"Very Near (Adjacent, 0-2 km)",6.1
Adjumani,Northern,2020,1087.0,31.5,18.8,0.566,0.425,0.8,"Very Near (Adjacent, 0-2 km)",8.4
Adjumani,Northern,2021,1086.9,31.9,18.5,0.605,0.443,0.824,"Very Near (Adjacent, 0-2 km)",6.7
Adjumani,Northern,2022,1183.8,31.7,17.9,0.615,0.402,0.733,Near (2-10 km),9.4
Adjumani,Northern,2023,1115.2,31.9,18.0,0.612,0.408,0.726,Near (2-10 km),10.4
Adjumani,Northern,2024,804.1,32.6,19.2,0.527,0.384,0.701,Near (2-10 km),10.5
Agago,Northern,2020,900.9,31.3,20.0,0.529,0.381,0.798,"Very Near (Adjacent, 0-2 km)",6.9
Agago,Northern,2021,878.5,31.7,19.4,0.544,0.412,0.728,Near (2-10 km),10.3
Agago,Northern,2022,1285.0,31.5,19.5,0.566,0.46,0.799,"Very Near (Adjacent, 0-2 km)",7.6
Agago,Northern,2023,1152.5,31.1,19.5,0.606,0.462,0.736,Near (2-10 km),10.7
Agago,Northern,2024,1186.8,31.0,19.4,0.601,0.455,0.809,"Very Near (Adjacent, 0-2 km)",7.2
Alebtong,Northern,2020,1329.8,30.9,16.3,0.66,0.508,1.0,"Very Near (Adjacent, 0-2 km)",0.3
Alebtong,Northern,2021,1387.9,31.1,16.8,0.662,0.496,1.0,"Very Near (Adjacent, 0-2 km)",0.3
Alebtong,Northern,2022,1277.7,30.0,16.9,0.654,0.498,0.999,"Very Near (Adjacent, 0-2 km)",1.1
Alebtong,Northern,2023,1596.8,31.1,16.9,0.711,0.526,1.0,"Very Near (Adjacent, 0-2 km)",0.4
Alebtong,Northern,2024,1619.7,31.2,16.8,0.707,0.527,1.0,"Very Near (Adjacent, 0-2 km)",1.1
Amolatar,Northern,2020,1383.1,30.7,16.8,0.699,0.517,0.257,Far (>25 km),29.3
Amolatar,Northern,2021,1315.0,30.7,16.5,0.658,0.509,0.282,Far (>25 km),27.3
Amolatar,Northern,2022,1271.5,30.3,17.5,0.628,0.496,0.252,Far (>25 km),28.5
Amolatar,Northern,2023,1364.4,30.3,16.6,0.659,0.512,0.167,Far (>25 km),32.8
Amolatar,Northern,2024,1390.8,30.9,17.0,0.643,0.472,0.256,Far (>25 km),28.8
Amudat,Northern,2020,815.9,30.1,18.8,0.441,0.307,0.827,"Very Near (Adjacent, 0-2 km)",6.8
Amudat,Northern,2021,881.9,29.7,18.9,0.472,0.318,0.808,"Very Near (Adjacent, 0-2 km)",8.3
Amudat,Northern,2022,726.6,30.5,18.7,0.472,0.34,0.807,"Very Near (Adjacent, 0-2 km)",8.2
Amudat,Northern,2023,867.8,30.0,19.1,0.432,0.306,0.832,"Very Near (Adjacent, 0-2 km)",6.5
Amudat,Northern,2024,842.5,30.0,19.0,0.454,0.345,0.799,"Very Near (Adjacent, 0-2 km)",7.1
Amuru,Northern,2020,1078.4,30.9,19.4,0.62,0.499,0.799,"Very Near (Adjacent, 0-2 km)",6.9
Amuru,Northern,2021,1571.7,30.6,19.3,0.694,0.498,0.811,"Very Near (Adjacent, 0-2 km)",7.4
Amuru,Northern,2022,1552.2,31.0,19.1,0.7,0.536,0.829,"Very Near (Adjacent, 0-2 km)",5.4
Amuru,Northern,2023,1236.6,30.8,19.5,0.651,0.472,0.826,"Very Near (Adjacent, 0-2 km)",5.7
Amuru,Northern,2024,1445.7,31.3,19.6,0.662,0.486,0.825,"Very Near (Adjacent, 0-2 km)",5.5
Apac,Northern,2020,1710.3,30.6,17.0,0.697,0.502,0.681,Near (2-10 km),13.1
Apac,Northern,2021,1516.0,30.7,17.3,0.695,0.535,0.702,Near (2-10 km),10.3
Apac,Northern,2022,1307.2,30.5,16.5,0.667,0.536,0.682,Near (2-10 km),13.1
Apac,Northern,2023,1364.9,30.7,15.7,0.662,0.529,0.674,Near (2-10 km),12.3
Apac,Northern,2024,1381.9,30.6,17.1,0.688,0.512,0.677,Near (2-10 km),11.8
Arua,Northern,2020,1628.7,29.3,18.0,0.715,0.519,0.816,"Very Near (Adjacent, 0-2 km)",6.1
Arua,Northern,2021,1288.5,29.6,17.6,0.649,0.514,0.803,"Very Near (Adjacent, 0-2 km)",8.6
Arua,Northern,2022,1356.4,29.8,16.2,0.675,0.501,0.827,"Very Near (Adjacent, 0-2 km)",6.8
Arua,Northern,2023,1431.0,29.2,17.4,0.656,0.514,0.802,"Very Near (Adjacent, 0-2 km)",6.6
Arua,Northern,2024,1248.0,28.9,17.9,0.634,0.466,0.822,"Very Near (Adjacent, 0-2 km)",7.0
Dokolo,Northern,2020,1489.1,30.8,16.8,0.694,0.534,0.247,Far (>25 km),29.7
Dokolo,Northern,2021,1551.9,30.7,17.6,0.697,0.541,0.162,Far (>25 km),31.3
Dokolo,Northern,2022,1636.8,31.0,16.8,0.688,0.487,0.172,Far (>25 km),32.5
Dokolo,Northern,2023,1492.1,30.5,17.9,0.688,0.478,0.161,Far (>25 km),31.9
Dokolo,Northern,2024,1275.4,30.6,18.0,0.706,0.487,0.249,Far (>25 km),28.5
Gulu,Northern,2020,1683.5,31.0,19.4,0.708,0.527,0.833,"Very Near (Adjacent, 0-2 km)",7.4
Gulu,Northern,2021,1887.2,30.9,19.3,0.711,0.502,0.811,"Very Near (Adjacent, 0-2 km)",8.0
Gulu,Northern,2022,1626.4,30.9,19.1,0.738,0.528,0.836,"Very Near (Adjacent, 0-2 km)",5.8
Gulu,Northern,2023,1546.9,30.8,19.1,0.74,0.517,0.831,"Very Near (Adjacent, 0-2 km)",5.9
Gulu,Northern,2024,1357.3,30.8,19.1,0.715,0.523,0.835,"Very Near (Adjacent, 0-2 km)",7.2
Kaabong,Northern,2020,927.3,29.4,18.4,0.497,0.327,0.836,"Very Near (Adjacent, 0-2 km)",6.0
Kaabong,Northern,2021,720.2,29.5,19.0,0.42,0.295,0.824,"Very Near (Adjacent, 0-2 km)",7.2
Kaabong,Northern,2022,857.7,30.0,18.5,0.423,0.32,0.82,"Very Near (Adjacent, 0-2 km)",5.8
Kaabong,Northern,2023,902.2,29.9,18.6,0.45,0.293,0.823,"Very Near (Adjacent, 0-2 km)",7.5
Kaabong,Northern,2024,783.0,29.1,18.5,0.455,0.312,0.822,"Very Near (Adjacent, 0-2 km)",7.7
Karenga,Northern,2020,901.3,29.7,18.0,0.498,0.393,0.835,"Very Near (Adjacent, 0-2 km)",6.6
Karenga,Northern,2021,914.2,29.5,18.7,0.496,0.393,0.811,"Very Near (Adjacent, 0-2 km)",7.2
Karenga,Northern,2022,895.7,30.1,19.3,0.479,0.345,0.804,"Very Near (Adjacent, 0-2 km)",6.8
Karenga,Northern,2023,863.3,29.8,19.1,0.471,0.389,0.836,"Very Near (Adjacent, 0-2 km)",6.1
Karenga,Northern,2024,680.4,29.7,18.7,0.437,0.343,0.815,"Very Near (Adjacent, 0-2 km)",8.0
Kitgum,Northern,2020,1151.2,30.7,18.9,0.607,0.483,0.829,"Very Near (Adjacent, 0-2 km)",5.4
Kitgum,Northern,2021,1498.7,31.1,19.3,0.667,0.515,0.813,"Very Near (Adjacent, 0-2 km)",7.2
Kitgum,Northern,2022,1438.9,31.2,18.9,0.668,0.504,0.806,"Very Near (Adjacent, 0-2 km)",8.0
Kitgum,Northern,2023,1542.3,30.3,18.3,0.674,0.521,0.821,"Very Near (Adjacent, 0-2 km)",7.6
Kitgum,Northern,2024,1687.2,30.4,19.4,0.68,0.466,0.802,"Very Near (Adjacent, 0-2 km)",6.8
Koboko,Northern,2020,1694.7,29.2,17.2,0.742,0.561,0.809,"Very Near (Adjacent, 0-2 km)",7.3
Koboko,Northern,2021,1357.1,29.2,16.7,0.727,0.553,0.807,"Very Near (Adjacent, 0-2 km)",7.4
Koboko,Northern,2022,1578.3,29.5,17.5,0.743,0.547,0.811,"Very Near (Adjacent, 0-2 km)",6.1
Koboko,Northern,2023,1800.0,29.7,17.5,0.749,0.558,0.83,"Very Near (Adjacent, 0-2 km)",6.6
Koboko,Northern,2024,1868.1,29.5,18.6,0.751,0.584,0.833,"Very Near (Adjacent, 0-2 km)",6.4
Kole,Northern,2020,1522.0,31.3,18.1,0.706,0.552,0.701,Near (2-10 km),11.6
Kole,Northern,2021,1569.2,31.1,16.7,0.726,0.535,0.686,Near (2-10 km),13.0
Kole,Northern,2022,1768.7,30.2,17.3,0.702,0.551,0.681,Near (2-10 km),13.3
Kole,Northern,2023,1541.1,29.9,17.3,0.703,0.564,0.69,Near (2-10 km),12.9
Kole,Northern,2024,1586.8,30.5,15.9,0.697,0.548,0.67,Near (2-10 km),12.6
Kotido,Northern,2020,787.9,29.9,19.1,0.455,0.343,0.809,"Very Near (Adjacent, 0-2 km)",8.0
Kotido,Northern,2021,750.9,29.7,18.9,0.431,0.282,0.833,"Very Near (Adjacent, 0-2 km)",7.2
Kotido,Northern,2022,769.1,30.2,19.2,0.431,0.269,0.812,"Very Near (Adjacent, 0-2 km)",6.1
Kotido,Northern,2023,832.8,29.9,18.9,0.45,0.308,0.836,"Very Near (Adjacent, 0-2 km)",5.5
Kotido,Northern,2024,737.6,30.2,19.3,0.465,0.293,0.83,"Very Near (Adjacent, 0-2 km)",6.7
Kwania,Northern,2020,1543.3,31.1,16.4,0.696,0.545,0.193,Far (>25 km),31.2
Kwania,Northern,2021,1465.4,31.4,18.0,0.674,0.551,0.173,Far (>25 km),31.2
Kwania,Northern,2022,1401.1,30.5,17.2,0.689,0.514,0.179,Far (>25 km),31.7
Kwania,Northern,2023,1710.5,31.1,16.6,0.682,0.495,0.191,Far (>25 km),31.9
Kwania,Northern,2024,1480.3,31.4,16.3,0.697,0.506,0.185,Far (>25 km),30.6
Lamwo,Northern,2020,1414.6,30.5,18.3,0.665,0.51,0.801,"Very Near (Adjacent, 0-2 km)",7.4
Lamwo,Northern,2021,1385.9,31.0,19.0,0.664,0.522,0.82,"Very Near (Adjacent, 0-2 km)",7.3
Lamwo,Northern,2022,1680.5,31.6,18.4,0.656,0.51,0.798,"Very Near (Adjacent, 0-2 km)",6.9
Lamwo,Northern,2023,1379.2,30.6,19.1,0.675,0.51,0.822,"Very Near (Adjacent, 0-2 km)",7.4
Lamwo,Northern,2024,1431.8,30.3,19.8,0.668,0.488,0.834,"Very Near (Adjacent, 0-2 km)",5.4
Lira,Northern,2020,1406.4,30.8,16.3,0.656,0.506,0.696,Near (2-10 km),11.4
Lira,Northern,2021,1235.9,30.5,15.3,0.683,0.492,0.69,Near (2-10 km),12.2
Lira,Northern,2022,1524.7,30.6,15.8,0.709,0.532,0.683,Near (2-10 km),12.3
Lira,Northern,2023,1429.8,30.4,17.4,0.765,0.561,0.705,Near (2-10 km),10.1
Lira,Northern,2024,1457.5,30.6,17.0,0.735,0.52,0.689,Near (2-10 km),13.0
Madi-Okollo,Northern,2020,1434.8,29.2,14.9,0.675,0.519,0.832,"Very Near (Adjacent, 0-2 km)",5.8
Madi-Okollo,Northern,2021,1316.1,28.9,15.1,0.664,0.487,0.828,"Very Near (Adjacent, 0-2 km)",7.5
Madi-Okollo,Northern,2022,1178.0,28.8,18.4,0.669,0.512,0.813,"Very Near (Adjacent, 0-2 km)",7.2
Madi-Okollo,Northern,2023,1259.8,29.5,16.7,0.65,0.48,0.808,"Very Near (Adjacent, 0-2 km)",8.5
Madi-Okollo,Northern,2024,1498.2,29.4,16.9,0.684,0.524,0.804,"Very Near (Adjacent, 0-2 km)",7.9
Maracha,Northern,2020,1454.0,29.3,17.1,0.697,0.547,0.836,"Very Near (Adjacent, 0-2 km)",7.4
Maracha,Northern,2021,1421.7,28.8,17.4,0.669,0.565,0.831,"Very Near (Adjacent, 0-2 km)",6.3
Maracha,Northern,2022,1254.5,29.0,16.6,0.653,0.535,0.834,"Very Near (Adjacent, 0-2 km)",7.2
Maracha,Northern,2023,1241.8,29.2,17.3,0.63,0.507,0.813,"Very Near (Adjacent, 0-2 km)",6.8
Maracha,Northern,2024,1627.4,29.6,16.5,0.65,0.528,0.81,"Very Near (Adjacent, 0-2 km)",6.8
Moroto,Northern,2020,771.6,30.3,19.2,0.453,0.309,0.819,"Very Near (Adjacent, 0-2 km)",6.7
Moroto,Northern,2021,541.1,30.0,19.3,0.426,0.308,0.835,"Very Near (Adjacent, 0-2 km)",5.1
Moroto,Northern,2022,699.8,30.7,18.8,0.422,0.303,0.821,"Very Near (Adjacent, 0-2 km)",6.6
Moroto,Northern,2023,673.5,29.8,19.1,0.397,0.298,0.837,"Very Near (Adjacent, 0-2 km)",7.4
Moroto,Northern,2024,621.8,29.4,19.1,0.355,0.252,0.825,"Very Near (Adjacent, 0-2 km)",7.2
Moyo,Northern,2020,1129.2,31.7,19.2,0.606,0.429,0.079,Far (>25 km),35.5
Moyo,Northern,2021,1257.4,31.5,19.2,0.617,0.416,0.073,Far (>25 km),36.0
Moyo,Northern,2022,1071.9,31.4,18.9,0.565,0.455,0.086,Far (>25 km),34.1
Moyo,Northern,2023,967.9,31.5,19.4,0.557,0.434,0.072,Far (>25 km),35.0
Moyo,Northern,2024,867.6,31.3,19.3,0.51,0.428,0.077,Far (>25 km),35.5
Nabilatuk,Northern,2020,827.6,29.5,19.1,0.451,0.331,0.082,Far (>25 km),33.8
Nabilatuk,Northern,2021,841.4,29.5,18.5,0.456,0.328,0.076,Far (>25 km),35.0
Nabilatuk,Northern,2022,613.8,29.7,18.2,0.431,0.347,0.103,Far (>25 km),35.1
Nabilatuk,Northern,2023,686.0,29.8,19.0,0.426,0.283,0.088,Far (>25 km),35.8
Nabilatuk,Northern,2024,687.4,30.5,19.1,0.423,0.292,0.069,Far (>25 km),34.7
Nakapiripirit,Northern,2020,828.8,30.3,18.9,0.429,0.305,0.069,Far (>25 km),34.8
Nakapiripirit,Northern,2021,855.0,29.2,18.7,0.437,0.296,0.075,Far (>25 km),35.2
Nakapiripirit,Northern,2022,708.0,29.2,18.7,0.417,0.27,0.099,Far (>25 km),33.9
Nakapiripirit,Northern,2023,855.4,30.3,18.9,0.434,0.265,0.076,Far (>25 km),35.0
Nakapiripirit,Northern,2024,770.9,30.1,19.0,0.44,0.27,0.101,Far (>25 km),34.2
Napak,Northern,2020,857.0,30.2,19.3,0.472,0.369,0.103,Far (>25 km),33.6
Napak,Northern,2021,993.1,30.1,18.9,0.518,0.358,0.085,Far (>25 km),35.1
Napak,Northern,2022,1033.7,29.7,18.3,0.462,0.342,0.092,Far (>25 km),35.3
Napak,Northern,2023,1040.0,29.9,18.7,0.495,0.349,0.068,Far (>25 km),34.7
Napak,Northern,2024,982.0,29.8,18.7,0.491,0.366,0.068,Far (>25 km),36.1
Nebbi,Northern,2020,904.5,31.8,20.2,0.579,0.461,0.816,"Very Near (Adjacent, 0-2 km)",7.0
Nebbi,Northern,2021,749.5,32.3,20.4,0.553,0.443,0.798,"Very Near (Adjacent, 0-2 km)",8.4
Nebbi,Northern,2022,1045.4,32.1,20.9,0.53,0.428,0.835,"Very Near (Adjacent, 0-2 km)",5.1
Nebbi,Northern,2023,1070.1,32.0,20.0,0.563,0.441,0.836,"Very Near (Adjacent, 0-2 km)",6.2
Nebbi,Northern,2024,1407.5,31.8,19.8,0.608,0.439,0.801,"Very Near (Adjacent, 0-2 km)",6.4
Nwoya,Northern,2020,1641.9,30.8,19.3,0.74,0.56,0.695,Near (2-10 km),12.3
Nwoya,Northern,2021,1334.3,30.6,19.2,0.676,0.567,0.683,Near (2-10 km),12.9
Nwoya,Northern,2022,1559.7,30.6,19.2,0.694,0.533,0.667,Near (2-10 km),13.5
Nwoya,Northern,2023,1729.0,30.4,19.8,0.704,0.517,0.673,Near (2-10 km),11.7
Nwoya,Northern,2024,1841.9,30.9,19.7,0.71,0.499,0.68,Near (2-10 km),11.8
Obongi,Northern,2020,848.0,31.6,18.5,0.506,0.397,0.099,Far (>25 km),34.2
Obongi,Northern,2021,925.6,31.1,19.3,0.486,0.403,0.08,Far (>25 km),35.7
Obongi,Northern,2022,1183.8,31.9,19.1,0.558,0.41,0.081,Far (>25 km),34.5
Obongi,Northern,2023,1358.7,31.5,19.9,0.629,0.439,0.077,Far (>25 km),35.3
Obongi,Northern,2024,1154.8,32.1,19.8,0.615,0.476,0.1,Far (>25 km),35.2
Omoro,Northern,2020,1564.5,30.4,18.8,0.698,0.53,0.798,"Very Near (Adjacent, 0-2 km)",7.4
Omoro,Northern,2021,1687.5,30.5,19.1,0.713,0.548,0.825,"Very Near (Adjacent, 0-2 km)",6.6
Omoro,Northern,2022,1261.8,30.6,19.3,0.684,0.521,0.826,"Very Near (Adjacent, 0-2 km)",7.7
Omoro,Northern,2023,1749.0,30.9,19.0,0.698,0.553,0.798,"Very Near (Adjacent, 0-2 km)",8.1
Omoro,Northern,2024,1693.4,30.5,19.1,0.709,0.563,0.806,"Very Near (Adjacent, 0-2 km)",7.7
Otuke,Northern,2020,1754.8,30.5,17.5,0.748,0.561,0.674,Near (2-10 km),11.5
Otuke,Northern,2021,1691.5,30.5,17.0,0.712,0.538,0.701,Near (2-10 km),11.7
Otuke,Northern,2022,1544.2,31.3,16.3,0.701,0.584,0.692,Near (2-10 km),11.5
Otuke,Northern,2023,1379.7,31.0,15.4,0.646,0.516,0.677,Near (2-10 km),11.2
Otuke,Northern,2024,1353.3,30.3,15.5,0.638,0.482,0.705,Near (2-10 km),11.9
Oyam,Northern,2020,1465.6,31.3,16.7,0.676,0.464,0.277,Far (>25 km),26.5
Oyam,Northern,2021,1333.9,30.5,17.2,0.646,0.491,0.247,Far (>25 km),28.5
Oyam,Northern,2022,1483.6,31.0,16.8,0.657,0.497,0.251,Far (>25 km),28.7
Oyam,Northern,2023,1542.2,30.3,17.4,0.72,0.516,0.259,Far (>25 km),28.8
Oyam,Northern,2024,1609.6,30.8,17.4,0.716,0.497,0.253,Far (>25 km),28.4
Pader,Northern,2020,1214.7,31.4,18.8,0.618,0.473,0.813,"Very Near (Adjacent, 0-2 km)",6.5
Pader,Northern,2021,1132.2,31.3,19.7,0.651,0.464,0.81,"Very Near (Adjacent, 0-2 km)",6.5
Pader,Northern,2022,1147.9,30.6,19.2,0.625,0.445,0.809,"Very Near (Adjacent, 0-2 km)",7.1
Pader,Northern,2023,1217.6,30.4,19.7,0.588,0.444,0.812,"Very Near (Adjacent, 0-2 km)",7.5
Pader,Northern,2024,1277.0,30.5,18.5,0.621,0.465,0.832,"Very Near (Adjacent, 0-2 km)",6.4
Pakwach,Northern,2020,1130.2,31.3,19.1,0.578,0.444,0.071,Far (>25 km),35.3
Pakwach,Northern,2021,1131.7,30.9,20.4,0.62,0.446,0.069,Far (>25 km),36.2
Pakwach,Northern,2022,1183.2,31.7,20.9,0.591,0.464,0.064,Far (>25 km),35.0
Pakwach,Northern,2023,1161.3,31.9,20.1,0.586,0.462,0.1,Far (>25 km),34.4
Pakwach,Northern,2024,1139.0,31.9,20.5,0.56,0.441,0.077,Far (>25 km),34.0
Terego,Northern,2020,1105.3,29.4,16.7,0.591,0.465,0.804,"Very Near (Adjacent, 0-2 km)",8.3
Terego,Northern,2021,1270.5,29.3,17.0,0.593,0.467,0.8,"Very Near (Adjacent, 0-2 km)",8.1
Terego,Northern,2022,1272.5,29.3,16.9,0.613,0.486,0.803,"Very Near (Adjacent, 0-2 km)",8.1
Terego,Northern,2023,1318.2,29.3,17.3,0.624,0.498,0.801,"Very Near (Adjacent, 0-2 km)",6.7
Terego,Northern,2024,1440.5,29.6,15.9,0.641,0.509,0.805,"Very Near (Adjacent, 0-2 km)",8.5
Yumbe,Northern,2020,1041.9,28.9,17.5,0.591,0.44,0.797,"Very Near (Adjacent, 0-2 km)",7.7
Yumbe,Northern,2021,1391.8,28.7,16.7,0.649,0.493,0.833,"Very Near (Adjacent, 0-2 km)",6.8
Yumbe,Northern,2022,1466.9,28.7,17.0,0.671,0.521,0.797,"Very Near (Adjacent, 0-2 km)",8.1
Yumbe,Northern,2023,1476.3,29.3,17.1,0.664,0.502,0.809,"Very Near (Adjacent, 0-2 km)",6.6
Yumbe,Northern,2024,1132.2,29.4,17.6,0.609,0.507,0.802,"Very Near (Adjacent, 0-2 km)",6.6
Zombo,Northern,2020,1075.0,32.7,20.7,0.586,0.452,0.819,"Very Near (Adjacent, 0-2 km)",7.5
Zombo,Northern,2021,1071.9,32.7,20.5,0.631,0.443,0.833,"Very Near (Adjacent, 0-2 km)",6.7
Zombo,Northern,2022,1007.5,31.7,19.4,0.587,0.444,0.814,"Very Near (Adjacent, 0-2 km)",8.1
Zombo,Northern,2023,1342.4,32.0,19.1,0.606,0.43,0.803,"Very Near (Adjacent, 0-2 km)",8.5
Zombo,Northern,2024,1246.1,32.2,19.6,0.604,0.469,0.836,"Very Near (Adjacent, 0-2 km)",6.3
Buhweju,Western,2020,819.8,27.8,16.4,0.488,0.36,0.826,"Very Near (Adjacent, 0-2 km)",6.9
Buhweju,Western,2021,841.4,28.4,16.4,0.482,0.399,0.825,"Very Near (Adjacent, 0-2 km)",7.1
Buhweju,Western,2022,846.8,28.8,15.9,0.495,0.376,0.824,"Very Near (Adjacent, 0-2 km)",7.1
Buhweju,Western,2023,912.2,28.4,16.3,0.544,0.395,0.816,"Very Near (Adjacent, 0-2 km)",6.2
Buhweju,Western,2024,973.0,28.7,16.6,0.548,0.434,0.81,"Very Near (Adjacent, 0-2 km)",6.8
Buliisa,Western,2020,1601.5,29.7,18.5,0.79,0.651,0.694,Near (2-10 km),10.7
Buliisa,Western,2021,1731.1,29.6,19.2,0.763,0.608,0.694,Near (2-10 km),11.6
Buliisa,Western,2022,1742.9,29.8,18.4,0.786,0.623,0.704,Near (2-10 km),11.1
Buliisa,Western,2023,1767.9,29.8,18.4,0.792,0.599,0.697,Near (2-10 km),10.7
Buliisa,Western,2024,1619.7,30.0,18.3,0.771,0.629,0.672,Near (2-10 km),13.3
Bundibugyo,Western,2020,892.9,30.6,18.0,0.588,0.486,0.83,"Very Near (Adjacent, 0-2 km)",5.8
Bundibugyo,Western,2021,887.2,30.7,18.0,0.597,0.496,0.814,"Very Near (Adjacent, 0-2 km)",7.7
Bundibugyo,Western,2022,810.9,30.8,17.2,0.612,0.503,0.8,"Very Near (Adjacent, 0-2 km)",8.0
Bundibugyo,Western,2023,890.4,31.1,16.7,0.623,0.484,0.824,"Very Near (Adjacent, 0-2 km)",7.8
Bundibugyo,Western,2024,896.8,30.6,16.8,0.621,0.51,0.837,"Very Near (Adjacent, 0-2 km)",6.9
Bunyangabu,Western,2020,1703.3,26.9,15.6,0.794,0.685,0.801,"Very Near (Adjacent, 0-2 km)",8.3
Bunyangabu,Western,2021,1433.8,27.2,15.9,0.784,0.641,0.803,"Very Near (Adjacent, 0-2 km)",7.0
Bunyangabu,Western,2022,1242.3,27.7,16.1,0.746,0.612,0.829,"Very Near (Adjacent, 0-2 km)",6.5
Bunyangabu,Western,2023,1379.4,27.0,16.0,0.79,0.631,0.814,"Very Near (Adjacent, 0-2 km)",8.0
Bunyangabu,Western,2024,1393.1,26.8,15.6,0.747,0.645,0.831,"Very Near (Adjacent, 0-2 km)",5.9
Bushenyi,Western,2020,885.7,28.2,17.0,0.521,0.389,0.83,"Very Near (Adjacent, 0-2 km)",7.6
Bushenyi,Western,2021,963.7,28.5,16.2,0.561,0.414,0.824,"Very Near (Adjacent, 0-2 km)",6.0
Bushenyi,Western,2022,829.2,28.2,16.3,0.531,0.419,0.818,"Very Near (Adjacent, 0-2 km)",7.1
Bushenyi,Western,2023,1048.0,28.4,15.8,0.581,0.453,0.808,"Very Near (Adjacent, 0-2 km)",7.9
Bushenyi,Western,2024,743.6,28.1,16.4,0.534,0.414,0.801,"Very Near (Adjacent, 0-2 km)",6.8
Hoima,Western,2020,1457.5,29.5,18.6,0.691,0.571,0.705,Near (2-10 km),10.8
Hoima,Western,2021,1274.8,29.6,18.7,0.657,0.574,0.673,Near (2-10 km),13.1
Hoima,Western,2022,1404.3,30.0,18.0,0.637,0.504,0.699,Near (2-10 km),11.3
Hoima,Western,2023,1543.7,29.7,17.3,0.655,0.488,0.686,Near (2-10 km),10.8
Hoima,Western,2024,1584.9,30.0,17.6,0.732,0.525,0.667,Near (2-10 km),13.6
Ibanda,Western,2020,917.7,28.7,16.4,0.55,0.412,0.835,"Very Near (Adjacent, 0-2 km)",6.8
Ibanda,Western,2021,1024.6,28.6,15.7,0.571,0.415,0.824,"Very Near (Adjacent, 0-2 km)",6.5
Ibanda,Western,2022,946.1,28.4,15.7,0.577,0.427,0.809,"Very Near (Adjacent, 0-2 km)",7.8
Ibanda,Western,2023,965.0,28.3,15.9,0.575,0.418,0.828,"Very Near (Adjacent, 0-2 km)",5.5
Ibanda,Western,2024,1003.6,28.1,15.8,0.588,0.421,0.801,"Very Near (Adjacent, 0-2 km)",6.5
Isingiro,Western,2020,830.4,28.3,16.7,0.507,0.401,0.825,"Very Near (Adjacent, 0-2 km)",6.6
Isingiro,Western,2021,965.8,28.1,16.3,0.524,0.397,0.8,"Very Near (Adjacent, 0-2 km)",7.6
Isingiro,Western,2022,965.2,28.3,15.9,0.557,0.42,0.834,"Very Near (Adjacent, 0-2 km)",7.0
Isingiro,Western,2023,783.1,27.8,16.5,0.521,0.432,0.726,Near (2-10 km),10.7
Isingiro,Western,2024,888.1,27.7,15.3,0.498,0.434,0.805,"Very Near (Adjacent, 0-2 km)",7.5
Kabale,Western,2020,1124.1,24.5,11.6,0.67,0.563,0.181,Far (>25 km),32.2
Kabale,Western,2021,1179.5,24.7,12.2,0.669,0.602,0.164,Far (>25 km),30.6
Kabale,Western,2022,971.1,25.0,11.7,0.663,0.568,0.165,Far (>25 km),30.7
Kabale,Western,2023,782.5,24.1,12.4,0.607,0.558,0.176,Far (>25 km),31.6
Kabale,Western,2024,1168.0,24.9,12.4,0.626,0.582,0.193,Far (>25 km),31.4
Kabarole,Western,2020,1383.7,27.3,16.1,0.741,0.614,0.8,"Very Near (Adjacent, 0-2 km)",7.4
Kabarole,Western,2021,1354.5,26.9,16.6,0.771,0.636,0.82,"Very Near (Adjacent, 0-2 km)",6.4
Kabarole,Western,2022,1553.3,27.5,16.0,0.782,0.627,0.808,"Very Near (Adjacent, 0-2 km)",6.5
Kabarole,Western,2023,1284.7,27.7,16.4,0.754,0.609,0.811,"Very Near (Adjacent, 0-2 km)",6.2
Kabarole,Western,2024,1177.6,27.6,15.4,0.722,0.604,0.837,"Very Near (Adjacent, 0-2 km)",6.7
Kagadi,Western,2020,790.4,28.2,17.0,0.507,0.406,0.835,"Very Near (Adjacent, 0-2 km)",5.2
Kagadi,Western,2021,738.8,28.3,16.6,0.515,0.409,0.801,"Very Near (Adjacent, 0-2 km)",7.9
Kagadi,Western,2022,706.9,28.4,17.7,0.524,0.419,0.836,"Very Near (Adjacent, 0-2 km)",6.0
Kagadi,Western,2023,727.3,28.3,17.9,0.471,0.402,0.809,"Very Near (Adjacent, 0-2 km)",7.0
Kagadi,Western,2024,689.7,28.5,18.0,0.499,0.393,0.797,"Very Near (Adjacent, 0-2 km)",7.0
Kakumiro,Western,2020,815.2,28.7,17.7,0.508,0.386,0.803,"Very Near (Adjacent, 0-2 km)",6.6
Kakumiro,Western,2021,791.5,28.6,17.7,0.498,0.386,0.836,"Very Near (Adjacent, 0-2 km)",6.6
Kakumiro,Western,2022,932.7,28.9,16.5,0.568,0.411,0.83,"Very Near (Adjacent, 0-2 km)",6.3
Kakumiro,Western,2023,781.5,28.7,15.9,0.53,0.409,0.818,"Very Near (Adjacent, 0-2 km)",6.6
Kakumiro,Western,2024,780.9,28.9,16.1,0.553,0.394,0.815,"Very Near (Adjacent, 0-2 km)",7.7
Kamwenge,Western,2020,1673.8,27.7,16.2,0.739,0.582,0.694,Near (2-10 km),10.8
Kamwenge,Western,2021,1210.1,27.6,16.3,0.658,0.56,0.677,Near (2-10 km),12.6
Kamwenge,Western,2022,1354.3,28.1,15.9,0.668,0.537,0.687,Near (2-10 km),12.0
Kamwenge,Western,2023,1172.1,27.3,15.5,0.653,0.505,0.669,Near (2-10 km),12.1
Kamwenge,Western,2024,1132.7,27.8,15.7,0.623,0.511,0.684,Near (2-10 km),13.0
Kanungu,Western,2020,1431.9,24.6,12.4,0.714,0.591,0.836,"Very Near (Adjacent, 0-2 km)",5.2
Kanungu,Western,2021,1133.4,25.0,12.8,0.689,0.576,0.814,"Very Near (Adjacent, 0-2 km)",6.3
Kanungu,Western,2022,1317.6,25.0,12.3,0.705,0.593,0.813,"Very Near (Adjacent, 0-2 km)",7.3
Kanungu,Western,2023,1186.3,24.4,12.4,0.676,0.568,0.826,"Very Near (Adjacent, 0-2 km)",6.8
Kanungu,Western,2024,1155.2,24.9,12.6,0.716,0.58,0.822,"Very Near (Adjacent, 0-2 km)",7.0
Kasese,Western,2020,995.7,30.2,17.0,0.634,0.527,0.254,Far (>25 km),27.6
Kasese,Western,2021,782.5,30.6,17.1,0.599,0.53,0.266,Far (>25 km),26.9
Kasese,Western,2022,723.8,30.4,17.1,0.575,0.52,0.262,Far (>25 km),28.3
Kasese,Western,2023,896.4,30.8,17.2,0.577,0.524,0.282,Far (>25 km),28.4
Kasese,Western,2024,786.1,30.3,16.1,0.563,0.515,0.27,Far (>25 km),26.9
Kazo,Western,2020,807.3,27.9,16.2,0.508,0.404,0.27,Far (>25 km),28.2
Kazo,Western,2021,761.1,27.8,15.8,0.507,0.407,0.255,Far (>25 km),29.1
Kazo,Western,2022,811.2,28.2,16.2,0.497,0.414,0.254,Far (>25 km),28.7
Kazo,Western,2023,950.1,28.2,16.4,0.52,0.392,0.285,Far (>25 km),28.0
Kazo,Western,2024,666.6,28.0,15.3,0.466,0.357,0.277,Far (>25 km),27.0
Kibaale,Western,2020,754.3,28.5,17.0,0.502,0.394,0.813,"Very Near (Adjacent, 0-2 km)",8.0
Kibaale,Western,2021,826.9,28.8,15.6,0.492,0.394,0.816,"Very Near (Adjacent, 0-2 km)",6.3
Kibaale,Western,2022,904.9,28.6,17.1,0.517,0.395,0.81,"Very Near (Adjacent, 0-2 km)",6.2
Kibaale,Western,2023,935.0,28.9,17.2,0.511,0.428,0.835,"Very Near (Adjacent, 0-2 km)",6.0
Kibaale,Western,2024,973.4,28.4,17.1,0.521,0.428,0.816,"Very Near (Adjacent, 0-2 km)",5.9
Kikuube,Western,2020,1286.9,29.7,18.4,0.645,0.516,0.692,Near (2-10 km),10.9
Kikuube,Western,2021,1548.2,29.7,17.8,0.655,0.512,0.675,Near (2-10 km),13.0
Kikuube,Western,2022,1345.3,29.6,17.3,0.705,0.493,0.686,Near (2-10 km),12.1
Kikuube,Western,2023,941.3,29.6,18.0,0.624,0.454,0.678,Near (2-10 km),11.2
Kikuube,Western,2024,1129.1,30.0,18.2,0.609,0.481,0.68,Near (2-10 km),11.9
Kiruhura,Western,2020,984.0,28.2,16.5,0.541,0.423,0.282,Far (>25 km),27.8
Kiruhura,Western,2021,698.5,28.5,17.1,0.54,0.408,0.265,Far (>25 km),28.1
Kiruhura,Western,2022,724.7,28.3,16.4,0.539,0.435,0.275,Far (>25 km),28.1
Kiruhura,Western,2023,1016.2,27.7,16.0,0.558,0.467,0.277,Far (>25 km),27.0
Kiruhura,Western,2024,927.9,28.0,16.0,0.522,0.446,0.262,Far (>25 km),27.5
Kiryandongo,Western,2020,743.6,28.8,16.0,0.558,0.51,0.812,"Very Near (Adjacent, 0-2 km)",7.9
Kiryandongo,Western,2021,939.0,28.4,15.2,0.603,0.507,0.815,"Very Near (Adjacent, 0-2 km)",5.9
Kiryandongo,Western,2022,519.7,28.6,18.0,0.544,0.47,0.826,"Very Near (Adjacent, 0-2 km)",6.2
Kiryandongo,Western,2023,799.5,28.7,17.2,0.54,0.441,0.825,"Very Near (Adjacent, 0-2 km)",7.6
Kiryandongo,Western,2024,720.3,28.9,16.9,0.527,0.475,0.833,"Very Near (Adjacent, 0-2 km)",6.5
Kisoro,Western,2020,1123.8,24.5,12.6,0.659,0.525,0.164,Far (>25 km),32.7
Kisoro,Western,2021,1018.9,24.6,11.3,0.652,0.528,0.165,Far (>25 km),31.8
Kisoro,Western,2022,1248.5,24.5,11.7,0.668,0.547,0.165,Far (>25 km),30.7
Kisoro,Western,2023,1250.0,24.3,11.7,0.689,0.573,0.198,Far (>25 km),30.9
Kisoro,Western,2024,1138.2,24.6,11.9,0.74,0.551,0.188,Far (>25 km),30.1
Kitagwenda,Western,2020,1449.9,26.9,15.6,0.721,0.536,0.677,Near (2-10 km),11.8
Kitagwenda,Western,2021,1382.4,26.6,15.8,0.673,0.507,0.699,Near (2-10 km),10.8
Kitagwenda,Western,2022,1258.1,26.6,15.6,0.659,0.531,0.69,Near (2-10 km),12.6
Kitagwenda,Western,2023,1408.8,27.2,16.0,0.668,0.516,0.67,Near (2-10 km),12.3
Kitagwenda,Western,2024,1434.5,27.4,16.3,0.672,0.501,0.677,Near (2-10 km),12.5
Kyegegwa,Western,2020,1722.6,28.1,16.1,0.741,0.594,0.81,"Very Near (Adjacent, 0-2 km)",8.3
Kyegegwa,Western,2021,1310.8,26.7,16.8,0.687,0.558,0.81,"Very Near (Adjacent, 0-2 km)",8.1
Kyegegwa,Western,2022,1236.3,26.6,16.0,0.65,0.541,0.813,"Very Near (Adjacent, 0-2 km)",7.1
Kyegegwa,Western,2023,1113.9,26.5,15.7,0.613,0.511,0.827,"Very Near (Adjacent, 0-2 km)",7.1
Kyegegwa,Western,2024,1320.5,27.3,16.7,0.629,0.494,0.823,"Very Near (Adjacent, 0-2 km)",6.1
Kyenjojo,Western,2020,1206.9,27.9,15.7,0.644,0.503,0.815,"Very Near (Adjacent, 0-2 km)",6.0
Kyenjojo,Western,2021,885.1,27.5,15.9,0.601,0.464,0.806,"Very Near (Adjacent, 0-2 km)",7.3
Kyenjojo,Western,2022,873.5,27.2,16.2,0.536,0.413,0.832,"Very Near (Adjacent, 0-2 km)",7.3
Kyenjojo,Western,2023,685.1,27.0,16.0,0.495,0.387,0.807,"Very Near (Adjacent, 0-2 km)",7.9
Kyenjojo,Western,2024,1122.8,28.2,16.2,0.529,0.415,0.836,"Very Near (Adjacent, 0-2 km)",6.7
Masindi,Western,2020,1416.0,29.8,18.2,0.773,0.623,0.098,Far (>25 km),34.2
Masindi,Western,2021,1345.5,30.0,18.0,0.759,0.642,0.095,Far (>25 km),34.7
Masindi,Western,2022,1355.0,30.2,18.0,0.767,0.647,0.085,Far (>25 km),34.7
Masindi,Western,2023,1260.3,29.9,17.7,0.739,0.63,0.087,Far (>25 km),34.7
Masindi,Western,2024,1322.5,30.0,17.4,0.696,0.627,0.086,Far (>25 km),33.6
Mbarara,Western,2020,1158.2,28.1,16.5,0.613,0.477,0.825,"Very Near (Adjacent, 0-2 km)",5.9
Mbarara,Western,2021,1104.0,28.3,16.5,0.606,0.476,0.801,"Very Near (Adjacent, 0-2 km)",8.5
Mbarara,Western,2022,1053.8,28.1,17.4,0.601,0.462,0.83,"Very Near (Adjacent, 0-2 km)",7.2
Mbarara,Western,2023,1012.9,27.9,16.3,0.556,0.445,0.814,"Very Near (Adjacent, 0-2 km)",6.2
Mbarara,Western,2024,900.0,28.5,16.2,0.546,0.432,0.812,"Very Near (Adjacent, 0-2 km)",6.2
Mitooma,Western,2020,929.8,28.3,15.7,0.527,0.433,0.814,"Very Near (Adjacent, 0-2 km)",6.5
Mitooma,Western,2021,904.0,28.1,15.8,0.516,0.45,0.814,"Very Near (Adjacent, 0-2 km)",8.0
Mitooma,Western,2022,820.8,28.0,16.8,0.52,0.448,0.834,"Very Near (Adjacent, 0-2 km)",5.5
Mitooma,Western,2023,1042.7,28.3,15.9,0.553,0.444,0.821,"Very Near (Adjacent, 0-2 km)",7.7
Mitooma,Western,2024,864.3,28.2,16.5,0.52,0.423,0.836,"Very Near (Adjacent, 0-2 km)",6.3
Ntoroko,Western,2020,835.3,31.2,17.3,0.56,0.494,0.277,Far (>25 km),26.5
Ntoroko,Western,2021,845.5,31.3,17.0,0.529,0.471,0.259,Far (>25 km),28.7
Ntoroko,Western,2022,912.3,31.4,17.6,0.561,0.481,0.282,Far (>25 km),26.4
Ntoroko,Western,2023,998.5,30.8,18.3,0.623,0.499,0.281,Far (>25 km),28.1
Ntoroko,Western,2024,1122.6,31.2,18.5,0.648,0.523,0.25,Far (>25 km),28.8
Ntungamo,Western,2020,1061.0,28.4,16.1,0.532,0.374,0.809,"Very Near (Adjacent, 0-2 km)",8.0
Ntungamo,Western,2021,1178.7,28.8,16.0,0.554,0.405,0.812,"Very Near (Adjacent, 0-2 km)",8.1
Ntungamo,Western,2022,891.2,28.5,15.7,0.55,0.427,0.825,"Very Near (Adjacent, 0-2 km)",6.1
Ntungamo,Western,2023,1122.1,28.2,16.2,0.606,0.425,0.816,"Very Near (Adjacent, 0-2 km)",7.1
Ntungamo,Western,2024,816.3,28.0,15.8,0.581,0.467,0.813,"Very Near (Adjacent, 0-2 km)",7.9
Rubanda,Western,2020,989.5,24.8,12.4,0.644,0.545,0.169,Far (>25 km),32.5
Rubanda,Western,2021,1267.8,24.9,12.2,0.683,0.548,0.201,Far (>25 km),29.9
Rubanda,Western,2022,1339.4,25.0,12.1,0.688,0.59,0.19,Far (>25 km),31.1
Rubanda,Western,2023,1145.2,24.8,12.4,0.675,0.559,0.2,Far (>25 km),29.6
Rubanda,Western,2024,886.2,25.1,12.0,0.635,0.599,0.198,Far (>25 km),31.1
Rubirizi,Western,2020,823.0,27.8,16.3,0.495,0.378,0.277,Far (>25 km),27.4
Rubirizi,Western,2021,703.6,28.0,16.8,0.487,0.398,0.268,Far (>25 km),26.7
Rubirizi,Western,2022,936.8,28.3,16.9,0.507,0.427,0.252,Far (>25 km),28.9
Rubirizi,Western,2023,931.8,28.5,16.7,0.531,0.434,0.283,Far (>25 km),27.9
Rubirizi,Western,2024,938.5,28.0,17.3,0.566,0.437,0.252,Far (>25 km),28.0
Rukiga,Western,2020,1016.1,24.9,11.6,0.659,0.539,0.186,Far (>25 km),30.9
Rukiga,Western,2021,1007.4,25.1,11.7,0.659,0.542,0.197,Far (>25 km),30.9
Rukiga,Western,2022,923.2,24.8,11.8,0.634,0.542,0.199,Far (>25 km),31.3
Rukiga,Western,2023,1017.1,25.3,12.5,0.609,0.551,0.194,Far (>25 km),31.3
Rukiga,Western,2024,799.8,24.8,12.5,0.594,0.486,0.201,Far (>25 km),29.7
Rukungiri,Western,2020,1089.6,24.1,12.0,0.676,0.576,0.814,"Very Near (Adjacent, 0-2 km)",8.0
Rukungiri,Western,2021,1142.7,24.5,12.4,0.658,0.544,0.81,"Very Near (Adjacent, 0-2 km)",6.9
Rukungiri,Western,2022,1066.9,25.1,12.4,0.683,0.544,0.8,"Very Near (Adjacent, 0-2 km)",8.0
Rukungiri,Western,2023,1074.3,25.4,12.1,0.665,0.548,0.831,"Very Near (Adjacent, 0-2 km)",5.7
Rukungiri,Western,2024,1033.5,25.0,12.3,0.665,0.54,0.806,"Very Near (Adjacent, 0-2 km)",6.5
Rwampara,Western,2020,993.4,28.0,16.7,0.552,0.441,0.097,Far (>25 km),33.6
Rwampara,Western,2021,900.4,28.4,15.9,0.517,0.392,0.099,Far (>25 km),35.3
Rwampara,Western,2022,724.9,28.2,16.7,0.541,0.412,0.089,Far (>25 km),35.7
Rwampara,Western,2023,868.9,28.0,15.6,0.509,0.387,0.098,Far (>25 km),34.3
Rwampara,Western,2024,1013.7,28.8,15.7,0.555,0.402,0.087,Far (>25 km),33.8
Sheema,Western,2020,1149.9,28.4,16.8,0.591,0.455,0.833,"Very Near (Adjacent, 0-2 km)",7.4
Sheema,Western,2021,885.3,28.2,16.1,0.565,0.417,0.801,"Very Near (Adjacent, 0-2 km)",6.9
Sheema,Western,2022,828.3,28.4,16.2,0.522,0.42,0.8,"Very Near (Adjacent, 0-2 km)",8.1
Sheema,Western,2023,923.7,28.5,15.9,0.522,0.456,0.806,"Very Near (Adjacent, 0-2 km)",6.2
Sheema,Western,2024,672.3,28.5,16.5,0.514,0.414,0.836,"Very Near (Adjacent, 0-2 km)",5.6
Arua City,Northern,2020,1509.7,29.6,17.0,0.522,0.29,0.819,"Very Near (Adjacent, 0-2 km)",7.4
Arua City,Northern,2021,1499.7,29.7,17.0,0.484,0.316,0.834,"Very Near (Adjacent, 0-2 km)",5.1
Arua City,Northern,2022,1486.4,29.4,17.0,0.48,0.331,0.801,"Very Near (Adjacent, 0-2 km)",7.2
Arua City,Northern,2023,1709.5,29.6,18.1,0.509,0.279,0.821,"Very Near (Adjacent, 0-2 km)",7.6
Arua City,Northern,2024,1539.0,29.6,17.0,0.487,0.276,0.832,"Very Near (Adjacent, 0-2 km)",7.3
Entebbe City,Central,2020,1180.0,26.3,17.7,0.405,0.214,0.091,Far (>25 km),33.9
Entebbe City,Central,2021,1329.6,26.2,18.4,0.403,0.226,0.098,Far (>25 km),34.7
Entebbe City,Central,2022,1355.6,25.7,18.9,0.433,0.236,0.088,Far (>25 km),34.1
Entebbe City,Central,2023,1455.2,26.1,18.9,0.459,0.233,0.074,Far (>25 km),36.3
Entebbe City,Central,2024,1565.9,26.6,18.0,0.503,0.257,0.085,Far (>25 km),34.8
Fort Portal City,Western,2020,1428.7,27.8,15.5,0.467,0.294,0.806,"Very Near (Adjacent, 0-2 km)",6.8
Fort Portal City,Western,2021,1449.6,27.6,16.6,0.443,0.258,0.803,"Very Near (Adjacent, 0-2 km)",8.1
Fort Portal City,Western,2022,1219.9,27.6,15.7,0.436,0.257,0.821,"Very Near (Adjacent, 0-2 km)",6.4
Fort Portal City,Western,2023,1124.3,26.9,15.4,0.383,0.248,0.809,"Very Near (Adjacent, 0-2 km)",7.4
Fort Portal City,Western,2024,1449.4,27.0,15.8,0.439,0.286,0.81,"Very Near (Adjacent, 0-2 km)",8.0
Gulu City,Northern,2020,1682.8,30.7,19.3,0.53,0.325,0.836,"Very Near (Adjacent, 0-2 km)",6.0
Gulu City,Northern,2021,1524.9,30.8,19.5,0.52,0.32,0.828,"Very Near (Adjacent, 0-2 km)",6.3
Gulu City,Northern,2022,1496.4,30.8,19.1,0.488,0.285,0.837,"Very Near (Adjacent, 0-2 km)",5.7
Gulu City,Northern,2023,1481.8,30.7,19.3,0.505,0.295,0.826,"Very Near (Adjacent, 0-2 km)",6.9
Gulu City,Northern,2024,1421.2,30.8,19.2,0.485,0.315,0.836,"Very Near (Adjacent, 0-2 km)",5.4
Hoima City,Western,2020,1563.1,29.4,17.4,0.473,0.289,0.677,Near (2-10 km),12.4
Hoima City,Western,2021,1323.5,29.8,17.7,0.445,0.296,0.699,Near (2-10 km),11.9
Hoima City,Western,2022,1358.6,29.8,18.0,0.471,0.275,0.676,Near (2-10 km),12.4
Hoima City,Western,2023,1311.5,29.8,17.7,0.443,0.28,0.699,Near (2-10 km),12.4
Hoima City,Western,2024,1481.3,30.0,18.3,0.461,0.27,0.691,Near (2-10 km),11.7
Jinja City,Eastern,2020,1293.9,28.5,17.1,0.415,0.225,0.257,Far (>25 km),28.4
Jinja City,Eastern,2021,1452.8,28.4,16.9,0.407,0.22,0.261,Far (>25 km),28.7
Jinja City,Eastern,2022,1110.9,28.2,16.7,0.379,0.239,0.283,Far (>25 km),28.0
Jinja City,Eastern,2023,1342.6,28.4,16.5,0.415,0.251,0.252,Far (>25 km),29.4
Jinja City,Eastern,2024,1248.7,29.0,17.5,0.416,0.241,0.248,Far (>25 km),29.4
Lira City,Northern,2020,1570.6,30.8,16.9,0.496,0.289,0.677,Near (2-10 km),11.4
Lira City,Northern,2021,1480.2,30.2,17.3,0.443,0.29,0.673,Near (2-10 km),12.2
Lira City,Northern,2022,1382.7,30.7,16.4,0.47,0.273,0.692,Near (2-10 km),10.7
Lira City,Northern,2023,1638.8,30.3,17.4,0.499,0.307,0.668,Near (2-10 km),12.2
Lira City,Northern,2024,1661.9,30.3,17.7,0.52,0.315,0.69,Near (2-10 km),11.2
Masaka City,Central,2020,995.5,28.6,16.1,0.365,0.19,0.671,Near (2-10 km),11.6
Masaka City,Central,2021,853.0,28.7,15.2,0.323,0.177,0.59,Near (2-10 km),16.7
Masaka City,Central,2022,885.8,28.6,16.1,0.303,0.149,0.607,Near (2-10 km),13.9
Masaka City,Central,2023,742.9,28.3,15.4,0.292,0.129,0.616,Near (2-10 km),14.3
Masaka City,Central,2024,879.2,28.2,15.6,0.333,0.144,0.609,Near (2-10 km),14.9
Mbale City,Eastern,2020,2069.8,28.4,16.0,0.466,0.282,0.802,"Very Near (Adjacent, 0-2 km)",7.6
Mbale City,Eastern,2021,2466.0,28.9,16.0,0.478,0.289,0.811,"Very Near (Adjacent, 0-2 km)",8.2
Mbale City,Eastern,2022,2254.4,28.4,16.3,0.475,0.281,0.812,"Very Near (Adjacent, 0-2 km)",6.5
Mbale City,Eastern,2023,2512.5,28.4,16.5,0.499,0.289,0.811,"Very Near (Adjacent, 0-2 km)",6.3
Mbale City,Eastern,2024,2523.6,28.2,16.3,0.529,0.321,0.798,"Very Near (Adjacent, 0-2 km)",7.9
Mbarara City,Western,2020,1057.7,28.0,16.5,0.35,0.168,0.834,"Very Near (Adjacent, 0-2 km)",6.8
Mbarara City,Western,2021,939.3,28.7,15.9,0.312,0.119,0.81,"Very Near (Adjacent, 0-2 km)",6.2
Mbarara City,Western,2022,796.3,28.1,15.2,0.298,0.17,0.804,"Very Near (Adjacent, 0-2 km)",8.1
Mbarara City,Western,2023,1032.9,28.4,16.1,0.318,0.174,0.823,"Very Near (Adjacent, 0-2 km)",6.9
Mbarara City,Western,2024,845.4,28.8,16.4,0.276,0.163,0.821,"Very Near (Adjacent, 0-2 km)",6.4
