District,Region,Reference_Station,Rainfall_2020_mm,DayTemp_2020_C,NightTemp_2020_C,NDVI_2020,EVI_2020,Wetland_Proximity_Score_2020,Wetland_Proximity_Category_2020,Est_Distance_to_Wetland_km_2020,Rainfall_2021_mm,DayTemp_2021_C,NightTemp_2021_C,NDVI_2021,EVI_2021,Wetland_Proximity_Score_2021,Wetland_Proximity_Category_2021,Est_Distance_to_Wetland_km_2021,Rainfall_2022_mm,DayTemp_2022_C,NightTemp_2022_C,NDVI_2022,EVI_2022,Wetland_Proximity_Score_2022,Wetland_Proximity_Category_2022,Est_Distance_to_Wetland_km_2022,Rainfall_2023_mm,DayTemp_2023_C,NightTemp_2023_C,NDVI_2023,EVI_2023,Wetland_Proximity_Score_2023,Wetland_Proximity_Category_2023,Est_Distance_to_Wetland_km_2023,Rainfall_2024_mm,DayTemp_2024_C,NightTemp_2024_C,NDVI_2024,EVI_2024,Wetland_Proximity_Score_2024,Wetland_Proximity_Category_2024,Est_Distance_to_Wetland_km_2024,Avg_Rainfall_mm,Avg_DayTemp_C,Avg_NightTemp_C,Avg_NDVI,Avg_EVI,Avg_Wetland_Proximity_Score
Buikwe,Central,Entebbe,1565.1,26.2,18.3,0.774,0.679,0.247,Far (>25 km),27.7,1494.4,26.5,18.5,0.784,0.637,0.262,Far (>25 km),28.5,1457.1,26.2,18.6,0.796,0.648,0.252,Far (>25 km),27.5,1356.5,26.2,17.8,0.758,0.629,0.256,Far (>25 km),28.9,1423.2,26.1,17.4,0.732,0.601,0.253,Far (>25 km),29.0,1459.3,26.2,18.1,0.769,0.639,0.254
Bukomansimbi,Central,Mbarara,824.3,28.3,15.6,0.509,0.388,0.693,Near (2-10 km),10.8,938.0,28.1,15.7,0.535,0.393,0.768,"Very Near (Adjacent, 0-2 km)",8.7,929.4,28.7,15.9,0.56,0.411,0.683,Near (2-10 km),13.2,1004.5,28.6,16.3,0.536,0.424,0.67,Near (2-10 km),11.4,870.6,28.8,16.3,0.504,0.431,0.704,Near (2-10 km),11.0,913.4,28.5,16.0,0.529,0.409,0.704
Butambala,Central,Kampala,1403.6,27.9,17.7,0.687,0.525,0.675,Near (2-10 km),11.9,1456.7,28.2,18.1,0.697,0.548,0.681,Near (2-10 km),13.2,1915.9,28.7,18.1,0.739,0.565,0.755,"Very Near (Adjacent, 0-2 km)",8.6,1563.3,27.8,17.5,0.748,0.564,0.69,Near (2-10 km),11.9,1706.3,28.1,18.2,0.732,0.555,0.705,Near (2-10 km),12.0,1609.2,28.1,17.9,0.721,0.551,0.701
Buvuma,Central,Entebbe,1676.1,25.7,17.7,0.795,0.631,0.178,Far (>25 km),30.5,1770.4,25.6,17.5,0.849,0.626,0.197,Far (>25 km),31.7,1650.0,25.2,18.1,0.819,0.643,0.165,Far (>25 km),32.3,1573.3,25.2,18.8,0.794,0.641,0.198,Far (>25 km),30.8,1344.6,25.4,18.7,0.742,0.631,0.172,Far (>25 km),32.2,1602.9,25.4,18.2,0.8,0.634,0.182
Gomba,Central,Mubende,781.6,27.7,17.6,0.501,0.4,0.696,Near (2-10 km),10.8,1065.5,27.7,15.9,0.543,0.387,0.692,Near (2-10 km),11.0,1038.4,27.7,17.6,0.55,0.393,0.668,Near (2-10 km),12.2,984.6,28.2,18.0,0.552,0.388,0.68,Near (2-10 km),11.9,1208.2,28.1,17.9,0.591,0.442,0.693,Near (2-10 km),12.5,1015.7,27.9,17.4,0.547,0.402,0.686
Kalangala,Central,Entebbe,1310.8,26.3,18.7,0.741,0.606,0.202,Far (>25 km),31.5,1557.5,26.3,18.2,0.79,0.627,0.203,Far (>25 km),31.0,1266.2,26.0,18.1,0.756,0.603,0.176,Far (>25 km),30.5,1395.8,26.1,18.6,0.718,0.574,0.188,Far (>25 km),31.0,1612.4,26.3,18.5,0.773,0.592,0.19,Far (>25 km),29.8,1428.5,26.2,18.4,0.756,0.6,0.192
Kalungu,Central,Mbarara,1019.5,28.1,16.2,0.537,0.419,0.071,Far (>25 km),36.3,1166.1,28.6,16.6,0.568,0.439,0.087,Far (>25 km),35.2,954.3,28.1,16.7,0.528,0.396,0.067,Far (>25 km),35.2,751.4,28.6,16.5,0.509,0.402,0.1,Far (>25 km),34.6,851.9,28.0,16.3,0.498,0.38,0.103,Far (>25 km),33.4,948.6,28.3,16.5,0.528,0.407,0.086
Kampala,Central,Kampala,1847.9,28.6,18.4,0.424,0.21,0.082,Far (>25 km),35.6,1699.4,29.1,18.1,0.488,0.224,0.081,Far (>25 km),35.6,1762.2,28.7,18.2,0.453,0.22,0.086,Far (>25 km),33.8,1858.8,28.4,18.9,0.453,0.237,0.067,Far (>25 km),36.6,1748.0,28.3,17.4,0.41,0.24,0.068,Far (>25 km),34.7,1783.3,28.6,18.2,0.446,0.226,0.077
Kasanda,Central,Mubende,1134.4,27.3,16.8,0.592,0.463,0.81,"Very Near (Adjacent, 0-2 km)",7.7,1193.7,28.4,14.7,0.616,0.456,0.831,"Very Near (Adjacent, 0-2 km)",6.4,1196.0,28.0,15.7,0.614,0.471,0.817,"Very Near (Adjacent, 0-2 km)",7.6,1119.4,27.5,17.3,0.611,0.475,0.808,"Very Near (Adjacent, 0-2 km)",7.0,1218.1,27.5,16.2,0.618,0.491,0.821,"Very Near (Adjacent, 0-2 km)",7.1,1172.3,27.7,16.1,0.61,0.471,0.817
Kayunga,Central,Kampala,1922.9,28.4,17.5,0.78,0.654,0.248,Far (>25 km),27.6,1986.8,28.7,17.9,0.801,0.626,0.252,Far (>25 km),29.0,2169.8,27.6,18.5,0.784,0.627,0.274,Far (>25 km),28.7,1426.2,28.4,18.2,0.809,0.63,0.277,Far (>25 km),26.9,1506.9,27.9,18.2,0.785,0.652,0.277,Far (>25 km),28.6,1802.5,28.2,18.1,0.792,0.638,0.266
Kiboga,Central,Mubende,1205.6,27.5,17.5,0.631,0.478,0.681,Near (2-10 km),10.9,1162.3,27.8,16.0,0.618,0.492,0.682,Near (2-10 km),11.6,1334.7,27.5,15.4,0.655,0.5,0.674,Near (2-10 km),11.3,1339.0,27.6,16.8,0.643,0.472,0.672,Near (2-10 km),13.3,1185.3,27.8,16.2,0.647,0.481,0.669,Near (2-10 km),12.9,1245.4,27.6,16.4,0.639,0.485,0.676
Kyankwanzi,Central,Mubende,940.5,27.0,17.1,0.541,0.432,0.805,"Very Near (Adjacent, 0-2 km)",6.7,1226.2,27.6,15.4,0.607,0.457,0.829,"Very Near (Adjacent, 0-2 km)",6.0,1266.1,28.2,17.5,0.633,0.44,0.804,"Very Near (Adjacent, 0-2 km)",7.3,1364.1,27.4,17.1,0.65,0.476,0.824,"Very Near (Adjacent, 0-2 km)",6.7,1119.6,28.1,16.6,0.606,0.458,0.831,"Very Near (Adjacent, 0-2 km)",6.2,1183.3,27.7,16.7,0.607,0.453,0.819
Kyotera,Central,Mbarara,1011.5,28.3,16.2,0.579,0.403,0.818,"Very Near (Adjacent, 0-2 km)",7.4,1167.7,28.0,15.0,0.602,0.421,0.815,"Very Near (Adjacent, 0-2 km)",7.6,875.7,28.5,15.5,0.596,0.396,0.815,"Very Near (Adjacent, 0-2 km)",6.2,1070.4,28.4,15.0,0.58,0.396,0.802,"Very Near (Adjacent, 0-2 km)",8.2,1186.9,28.4,16.0,0.607,0.459,0.826,"Very Near (Adjacent, 0-2 km)",7.7,1062.4,28.3,15.5,0.593,0.415,0.815
Luweero,Central,Kampala,1563.3,28.6,17.2,0.728,0.596,0.824,"Very Near (Adjacent, 0-2 km)",6.9,1641.9,28.9,16.9,0.73,0.594,0.803,"Very Near (Adjacent, 0-2 km)",8.3,1882.5,29.1,18.1,0.729,0.584,0.801,"Very Near (Adjacent, 0-2 km)",7.4,1776.0,28.4,17.6,0.728,0.606,0.802,"Very Near (Adjacent, 0-2 km)",7.2,2054.4,28.7,17.9,0.712,0.586,0.809,"Very Near (Adjacent, 0-2 km)",7.1,1783.6,28.7,17.5,0.725,0.593,0.808
Lwengo,Central,Mbarara,920.7,28.6,15.4,0.518,0.387,0.092,Far (>25 km),34.6,848.2,28.3,16.3,0.51,0.344,0.073,Far (>25 km),35.9,936.5,27.9,16.5,0.538,0.399,0.093,Far (>25 km),35.3,1181.8,27.9,16.3,0.605,0.387,0.065,Far (>25 km),35.8,1027.2,28.5,16.6,0.606,0.367,0.099,Far (>25 km),33.7,982.9,28.2,16.2,0.555,0.377,0.084
Lyantonde,Central,Mbarara,780.7,27.8,15.7,0.52,0.391,0.071,Far (>25 km),36.1,665.3,27.6,15.6,0.509,0.393,0.078,Far (>25 km),34.8,752.3,27.9,15.0,0.514,0.378,0.096,Far (>25 km),34.1,997.8,27.8,16.0,0.54,0.42,0.071,Far (>25 km),34.6,878.8,28.2,15.9,0.548,0.419,0.077,Far (>25 km),35.5,815.0,27.9,15.6,0.526,0.4,0.079
Masaka,Central,Mbarara,699.3,28.4,16.8,0.511,0.4,0.678,Near (2-10 km),12.9,892.3,28.7,16.2,0.514,0.41,0.586,Near (2-10 km),15.1,856.6,28.6,15.9,0.503,0.391,0.608,Near (2-10 km),14.8,1014.6,28.5,16.9,0.573,0.42,0.603,Near (2-10 km),16.1,1065.5,27.7,15.6,0.581,0.479,0.594,Near (2-10 km),14.7,905.7,28.4,16.3,0.536,0.42,0.614
Mityana,Central,Mubende,1455.3,27.9,16.8,0.707,0.514,0.798,"Very Near (Adjacent, 0-2 km)",7.6,1152.7,27.3,16.1,0.672,0.511,0.809,"Very Near (Adjacent, 0-2 km)",7.2,1233.8,27.4,16.3,0.626,0.505,0.797,"Very Near (Adjacent, 0-2 km)",6.5,1400.5,27.6,17.5,0.698,0.504,0.812,"Very Near (Adjacent, 0-2 km)",7.8,1226.9,27.9,17.3,0.696,0.51,0.809,"Very Near (Adjacent, 0-2 km)",8.2,1293.8,27.6,16.8,0.68,0.509,0.805
Mpigi,Central,Kampala,1394.4,28.5,18.1,0.674,0.478,0.69,Near (2-10 km),11.5,2259.9,29.0,18.2,0.712,0.509,0.698,Near (2-10 km),10.8,2176.5,28.7,17.9,0.719,0.535,0.691,Near (2-10 km),12.6,2020.2,28.5,18.6,0.702,0.562,0.688,Near (2-10 km),11.4,1148.3,28.6,19.1,0.65,0.544,0.671,Near (2-10 km),12.7,1799.9,28.7,18.4,0.691,0.526,0.688
Mubende,Central,Mubende,1017.2,28.2,18.2,0.572,0.43,0.804,"Very Near (Adjacent, 0-2 km)",7.1,1140.3,27.3,16.8,0.608,0.425,0.818,"Very Near (Adjacent, 0-2 km)",8.0,1170.9,26.9,17.1,0.622,0.486,0.824,"Very Near (Adjacent, 0-2 km)",6.7,1114.4,27.9,15.3,0.608,0.493,0.831,"Very Near (Adjacent, 0-2 km)",6.0,1028.0,28.1,15.7,0.615,0.441,0.812,"Very Near (Adjacent, 0-2 km)",7.6,1094.2,27.7,16.6,0.605,0.455,0.818
Mukono,Central,Entebbe,1577.2,26.0,18.1,0.785,0.635,0.269,Far (>25 km),27.1,1427.3,25.8,18.2,0.788,0.618,0.263,Far (>25 km),28.8,1460.7,26.2,18.3,0.801,0.62,0.256,Far (>25 km),28.8,1555.3,26.0,18.3,0.792,0.598,0.249,Far (>25 km),29.6,1576.8,25.6,18.4,0.76,0.604,0.274,Far (>25 km),27.2,1519.5,25.9,18.3,0.785,0.615,0.262
Nakaseke,Central,Kampala,1356.9,28.0,16.7,0.642,0.482,0.836,"Very Near (Adjacent, 0-2 km)",6.9,1678.7,27.6,17.1,0.686,0.499,0.799,"Very Near (Adjacent, 0-2 km)",7.0,1951.3,28.1,18.4,0.714,0.546,0.816,"Very Near (Adjacent, 0-2 km)",8.2,1890.1,27.9,18.0,0.748,0.562,0.802,"Very Near (Adjacent, 0-2 km)",6.4,1710.8,28.5,17.5,0.714,0.528,0.809,"Very Near (Adjacent, 0-2 km)",6.2,1717.6,28.0,17.5,0.701,0.523,0.812
Nakasongola,Central,Kampala,1747.6,28.5,18.3,0.72,0.514,0.683,Near (2-10 km),12.1,1834.5,28.9,18.0,0.733,0.526,0.684,Near (2-10 km),11.1,1784.0,28.9,18.5,0.723,0.561,0.668,Near (2-10 km),13.3,2097.0,28.9,18.5,0.674,0.565,0.684,Near (2-10 km),12.0,2009.9,28.2,18.7,0.713,0.547,0.686,Near (2-10 km),12.4,1894.6,28.7,18.4,0.713,0.543,0.681
Rakai,Central,Mbarara,1274.2,28.4,16.6,0.683,0.537,0.099,Far (>25 km),35.0,1224.1,28.6,16.6,0.673,0.53,0.092,Far (>25 km),34.1,1006.2,28.4,16.3,0.599,0.481,0.07,Far (>25 km),34.4,972.1,28.0,16.6,0.567,0.467,0.098,Far (>25 km),33.2,1305.0,28.2,16.6,0.611,0.468,0.086,Far (>25 km),35.7,1156.3,28.3,16.5,0.627,0.497,0.089
Sembabule,Central,Mbarara,952.7,27.7,16.1,0.597,0.432,0.076,Far (>25 km),34.8,907.4,27.9,16.0,0.578,0.428,0.08,Far (>25 km),36.0,1019.5,27.5,15.4,0.574,0.438,0.091,Far (>25 km),35.4,819.1,27.7,16.7,0.573,0.463,0.065,Far (>25 km),36.1,807.6,28.2,16.6,0.538,0.418,0.081,Far (>25 km),34.7,901.3,27.8,16.2,0.572,0.436,0.079
Wakiso,Central,Kampala,1568.1,28.0,17.3,0.536,0.322,0.096,Far (>25 km),34.9,1599.2,28.4,17.8,0.504,0.311,0.1,Far (>25 km),34.8,1196.6,27.8,18.1,0.44,0.279,0.1,Far (>25 km),34.0,1713.4,27.6,18.4,0.484,0.26,0.086,Far (>25 km),35.4,1933.5,27.7,18.5,0.52,0.314,0.081,Far (>25 km),34.1,1602.2,27.9,18.0,0.497,0.297,0.093
Amuria,Eastern,Soroti,1560.7,30.4,18.4,0.73,0.575,0.82,"Very Near (Adjacent, 0-2 km)",7.7,1201.4,30.6,18.5,0.679,0.574,0.731,Near (2-10 km),9.3,1194.7,29.9,18.3,0.61,0.531,0.812,"Very Near (Adjacent, 0-2 km)",6.5,1110.5,29.8,18.8,0.586,0.521,0.81,"Very Near (Adjacent, 0-2 km)",8.3,1078.6,30.2,18.9,0.572,0.493,0.814,"Very Near (Adjacent, 0-2 km)",6.6,1229.2,30.2,18.6,0.635,0.539,0.797
Budaka,Eastern,Tororo,1375.6,30.1,17.5,0.654,0.52,0.808,"Very Near (Adjacent, 0-2 km)",7.2,1424.3,30.3,17.5,0.678,0.511,0.823,"Very Near (Adjacent, 0-2 km)",6.3,1004.4,29.7,17.3,0.613,0.492,0.804,"Very Near (Adjacent, 0-2 km)",6.8,1155.9,30.0,17.4,0.624,0.477,0.807,"Very Near (Adjacent, 0-2 km)",8.3,1383.7,30.1,17.4,0.647,0.465,0.803,"Very Near (Adjacent, 0-2 km)",8.1,1268.8,30.0,17.4,0.643,0.493,0.809
Bududa,Eastern,Buginyanya,2288.2,28.1,16.2,0.793,0.659,0.801,"Very Near (Adjacent, 0-2 km)",8.2,2061.8,28.0,16.4,0.799,0.639,0.807,"Very Near (Adjacent, 0-2 km)",8.0,1851.6,28.3,16.2,0.808,0.629,0.814,"Very Near (Adjacent, 0-2 km)",6.1,1981.4,28.6,16.4,0.821,0.644,0.8,"Very Near (Adjacent, 0-2 km)",8.3,1950.7,28.3,15.7,0.801,0.641,0.818,"Very Near (Adjacent, 0-2 km)",6.9,2026.7,28.3,16.2,0.804,0.642,0.808
Bugiri,Eastern,Jinja,1247.5,29.0,16.8,0.625,0.521,0.911,"Very Near (Adjacent, 0-2 km)",3.8,1312.5,29.0,17.1,0.609,0.532,0.916,"Very Near (Adjacent, 0-2 km)",2.1,1515.6,28.7,17.9,0.689,0.55,0.921,"Very Near (Adjacent, 0-2 km)",2.6,1377.2,28.9,17.3,0.706,0.556,0.831,"Very Near (Adjacent, 0-2 km)",6.5,1428.3,28.4,17.2,0.689,0.521,0.928,"Very Near (Adjacent, 0-2 km)",1.8,1376.2,28.8,17.3,0.664,0.536,0.901
Bugweri,Eastern,Jinja,1299.0,29.1,17.0,0.634,0.492,0.825,"Very Near (Adjacent, 0-2 km)",6.9,1183.8,29.3,17.3,0.598,0.448,0.831,"Very Near (Adjacent, 0-2 km)",7.3,1254.4,28.9,17.0,0.618,0.449,0.819,"Very Near (Adjacent, 0-2 km)",7.1,1312.8,28.9,16.8,0.637,0.459,0.827,"Very Near (Adjacent, 0-2 km)",6.0,1346.5,28.6,17.2,0.691,0.482,0.818,"Very Near (Adjacent, 0-2 km)",7.6,1279.3,29.0,17.1,0.636,0.466,0.824
Bukedea,Eastern,Soroti,1378.0,31.0,18.5,0.671,0.527,0.82,"Very Near (Adjacent, 0-2 km)",6.9,1231.1,30.5,17.8,0.632,0.489,0.831,"Very Near (Adjacent, 0-2 km)",7.6,1399.6,31.3,19.1,0.603,0.528,0.807,"Very Near (Adjacent, 0-2 km)",6.3,1331.4,30.8,19.4,0.656,0.503,0.821,"Very Near (Adjacent, 0-2 km)",6.0,1360.7,30.9,18.5,0.662,0.521,0.835,"Very Near (Adjacent, 0-2 km)",6.2,1340.2,30.9,18.7,0.645,0.514,0.823
Bukwo,Eastern,Buginyanya,1717.7,27.8,16.0,0.768,0.605,0.818,"Very Near (Adjacent, 0-2 km)",7.7,2255.6,28.2,15.9,0.788,0.653,0.831,"Very Near (Adjacent, 0-2 km)",5.6,2104.9,27.7,16.0,0.762,0.624,0.815,"Very Near (Adjacent, 0-2 km)",6.3,2134.9,28.1,16.0,0.851,0.664,0.815,"Very Near (Adjacent, 0-2 km)",6.1,2093.1,28.4,16.4,0.848,0.679,0.832,"Very Near (Adjacent, 0-2 km)",6.0,2061.2,28.0,16.1,0.803,0.645,0.822
Bulambuli,Eastern,Buginyanya,2205.9,28.6,15.9,0.811,0.693,0.812,"Very Near (Adjacent, 0-2 km)",8.1,2085.1,28.7,15.9,0.802,0.692,0.83,"Very Near (Adjacent, 0-2 km)",6.1,1994.8,29.4,16.0,0.758,0.673,0.817,"Very Near (Adjacent, 0-2 km)",7.3,1914.6,28.5,16.1,0.776,0.657,0.804,"Very Near (Adjacent, 0-2 km)",6.6,2007.7,28.4,16.2,0.757,0.687,0.831,"Very Near (Adjacent, 0-2 km)",5.6,2041.6,28.7,16.0,0.781,0.68,0.819
Busia,Eastern,Tororo,1544.0,29.8,17.5,0.724,0.537,0.825,"Very Near (Adjacent, 0-2 km)",7.2,1522.2,29.7,17.5,0.672,0.526,0.82,"Very Near (Adjacent, 0-2 km)",6.5,1637.8,30.3,17.5,0.678,0.514,0.831,"Very Near (Adjacent, 0-2 km)",7.1,1221.3,30.1,17.2,0.674,0.513,0.8,"Very Near (Adjacent, 0-2 km)",8.6,1248.4,30.5,17.4,0.685,0.494,0.822,"Very Near (Adjacent, 0-2 km)",6.3,1434.7,30.1,17.4,0.687,0.517,0.82
Butaleja,Eastern,Tororo,1434.8,30.4,17.3,0.658,0.496,0.803,"Very Near (Adjacent, 0-2 km)",6.5,1457.8,30.4,17.4,0.642,0.506,0.829,"Very Near (Adjacent, 0-2 km)",7.3,1611.5,30.3,17.4,0.699,0.508,0.811,"Very Near (Adjacent, 0-2 km)",6.4,1386.1,31.0,17.1,0.701,0.527,0.8,"Very Near (Adjacent, 0-2 km)",7.4,1567.7,30.7,17.6,0.69,0.515,0.809,"Very Near (Adjacent, 0-2 km)",6.2,1491.6,30.6,17.4,0.678,0.51,0.81
Butebo,Eastern,Tororo,1254.1,29.9,17.3,0.617,0.504,0.809,"Very Near (Adjacent, 0-2 km)",8.0,1539.4,30.8,17.7,0.65,0.5,0.799,"Very Near (Adjacent, 0-2 km)",7.4,1489.0,30.3,17.6,0.65,0.536,0.817,"Very Near (Adjacent, 0-2 km)",6.1,1570.8,29.9,17.6,0.671,0.536,0.798,"Very Near (Adjacent, 0-2 km)",6.7,1585.4,29.6,17.9,0.721,0.538,0.802,"Very Near (Adjacent, 0-2 km)",8.7,1487.7,30.1,17.6,0.662,0.523,0.805
Buyende,Eastern,Jinja,1160.7,28.7,17.0,0.619,0.493,0.831,"Very Near (Adjacent, 0-2 km)",6.9,1274.4,28.3,16.9,0.669,0.523,0.833,"Very Near (Adjacent, 0-2 km)",5.9,1316.3,28.5,17.4,0.657,0.542,0.807,"Very Near (Adjacent, 0-2 km)",8.2,1168.3,28.4,17.7,0.629,0.539,0.821,"Very Near (Adjacent, 0-2 km)",7.8,1100.4,28.7,17.2,0.589,0.514,0.811,"Very Near (Adjacent, 0-2 km)",7.0,1204.0,28.5,17.2,0.633,0.522,0.821
Iganga,Eastern,Jinja,1205.1,28.7,16.1,0.615,0.449,0.825,"Very Near (Adjacent, 0-2 km)",7.6,1242.5,28.2,16.7,0.595,0.474,0.803,"Very Near (Adjacent, 0-2 km)",6.9,1326.1,28.5,17.0,0.588,0.465,0.797,"Very Near (Adjacent, 0-2 km)",7.9,1434.8,28.4,16.9,0.649,0.49,0.834,"Very Near (Adjacent, 0-2 km)",6.5,1275.6,28.7,17.3,0.672,0.524,0.803,"Very Near (Adjacent, 0-2 km)",7.9,1296.8,28.5,16.8,0.624,0.48,0.812
Jinja,Eastern,Jinja,1177.4,28.7,17.8,0.706,0.57,0.273,Far (>25 km),26.7,1275.0,28.8,17.1,0.738,0.615,0.283,Far (>25 km),27.6,1096.3,28.5,17.1,0.708,0.647,0.266,Far (>25 km),27.5,1126.4,28.7,17.2,0.677,0.618,0.253,Far (>25 km),28.3,1205.3,29.2,17.5,0.689,0.59,0.261,Far (>25 km),27.4,1176.1,28.8,17.3,0.704,0.608,0.267
Kaberamaido,Eastern,Soroti,927.6,30.5,17.0,0.532,0.444,0.693,Near (2-10 km),12.1,1263.0,30.8,18.3,0.561,0.447,0.705,Near (2-10 km),12.3,1408.3,30.7,18.4,0.584,0.475,0.685,Near (2-10 km),12.5,1433.8,31.2,18.9,0.603,0.499,0.682,Near (2-10 km),11.9,1739.0,30.3,19.7,0.661,0.476,0.689,Near (2-10 km),13.0,1354.3,30.7,18.5,0.588,0.468,0.691
Kalaki,Eastern,Soroti,1268.0,30.4,18.7,0.638,0.494,0.668,Near (2-10 km),12.5,1218.9,30.3,18.1,0.62,0.454,0.68,Near (2-10 km),12.9,1151.8,30.7,19.1,0.64,0.455,0.705,Near (2-10 km),11.1,1158.9,30.7,19.0,0.626,0.478,0.67,Near (2-10 km),12.8,1348.8,30.5,18.4,0.653,0.464,0.69,Near (2-10 km),12.2,1229.3,30.5,18.7,0.635,0.469,0.683
Kaliro,Eastern,Jinja,1328.9,28.6,17.1,0.676,0.497,0.828,"Very Near (Adjacent, 0-2 km)",6.4,1115.6,28.1,17.3,0.618,0.475,0.819,"Very Near (Adjacent, 0-2 km)",7.5,1371.1,28.8,17.0,0.602,0.479,0.798,"Very Near (Adjacent, 0-2 km)",7.1,1327.8,28.7,17.1,0.642,0.492,0.824,"Very Near (Adjacent, 0-2 km)",7.8,1370.6,28.6,16.3,0.639,0.5,0.834,"Very Near (Adjacent, 0-2 km)",5.8,1302.8,28.6,17.0,0.635,0.489,0.821
Kamuli,Eastern,Jinja,1304.9,28.8,17.0,0.672,0.498,0.836,"Very Near (Adjacent, 0-2 km)",5.7,1409.0,29.2,17.1,0.68,0.492,0.815,"Very Near (Adjacent, 0-2 km)",6.2,1268.5,28.9,17.5,0.678,0.509,0.821,"Very Near (Adjacent, 0-2 km)",6.5,1244.5,29.2,18.2,0.669,0.489,0.824,"Very Near (Adjacent, 0-2 km)",7.8,1413.5,28.7,17.3,0.631,0.472,0.802,"Very Near (Adjacent, 0-2 km)",7.9,1328.1,29.0,17.4,0.666,0.492,0.82
Kapchorwa,Eastern,Buginyanya,2228.9,27.8,16.2,0.814,0.693,0.821,"Very Near (Adjacent, 0-2 km)",6.3,1972.1,28.4,16.1,0.794,0.66,0.798,"Very Near (Adjacent, 0-2 km)",8.7,2204.0,27.8,16.0,0.782,0.641,0.824,"Very Near (Adjacent, 0-2 km)",7.0,2300.6,27.8,16.2,0.782,0.674,0.801,"Very Near (Adjacent, 0-2 km)",8.5,2158.4,28.0,16.5,0.806,0.672,0.813,"Very Near (Adjacent, 0-2 km)",7.0,2172.8,28.0,16.2,0.796,0.668,0.811
Kapelebyong,Eastern,Soroti,1360.3,30.0,18.1,0.679,0.469,0.819,"Very Near (Adjacent, 0-2 km)",6.7,1508.0,30.2,18.5,0.711,0.488,0.735,Near (2-10 km),10.0,1416.2,30.5,19.0,0.661,0.536,0.824,"Very Near (Adjacent, 0-2 km)",7.3,1155.0,30.8,18.3,0.62,0.562,0.834,"Very Near (Adjacent, 0-2 km)",5.5,1620.7,30.9,18.1,0.622,0.519,0.81,"Very Near (Adjacent, 0-2 km)",8.3,1412.0,30.5,18.4,0.659,0.515,0.804
Katakwi,Eastern,Soroti,1018.5,30.1,19.6,0.563,0.451,0.271,Far (>25 km),27.4,1166.9,30.3,18.7,0.597,0.47,0.282,Far (>25 km),26.4,1192.8,30.1,18.5,0.59,0.47,0.257,Far (>25 km),27.2,1332.9,30.3,17.5,0.627,0.44,0.273,Far (>25 km),27.6,1211.8,30.7,19.0,0.628,0.48,0.259,Far (>25 km),28.0,1184.6,30.3,18.7,0.601,0.462,0.268
Kibuku,Eastern,Tororo,1444.3,30.0,17.5,0.705,0.537,0.807,"Very Near (Adjacent, 0-2 km)",7.8,1567.9,30.7,17.7,0.696,0.528,0.827,"Very Near (Adjacent, 0-2 km)",6.3,1288.5,29.7,17.5,0.652,0.479,0.831,"Very Near (Adjacent, 0-2 km)",5.3,1503.3,30.4,17.6,0.661,0.48,0.819,"Very Near (Adjacent, 0-2 km)",6.0,1494.4,30.5,17.5,0.715,0.507,0.801,"Very Near (Adjacent, 0-2 km)",7.7,1459.7,30.3,17.6,0.686,0.506,0.817
Kumi,Eastern,Soroti,1225.9,29.9,19.2,0.645,0.485,0.587,Near (2-10 km),14.7,1261.9,30.3,18.7,0.637,0.49,0.589,Near (2-10 km),15.3,1546.1,30.7,18.4,0.679,0.497,0.617,Near (2-10 km),14.0,1455.8,30.7,19.0,0.686,0.529,0.588,Near (2-10 km),16.3,1335.0,30.8,18.8,0.674,0.532,0.616,Near (2-10 km),15.8,1364.9,30.5,18.8,0.664,0.507,0.599
Kween,Eastern,Buginyanya,2029.3,28.5,16.4,0.796,0.639,0.799,"Very Near (Adjacent, 0-2 km)",6.8,2067.7,28.0,16.1,0.791,0.637,0.814,"Very Near (Adjacent, 0-2 km)",8.2,2263.7,28.5,16.2,0.77,0.653,0.818,"Very Near (Adjacent, 0-2 km)",7.8,2276.3,28.3,15.9,0.772,0.643,0.806,"Very Near (Adjacent, 0-2 km)",7.3,1956.7,28.2,16.6,0.819,0.686,0.824,"Very Near (Adjacent, 0-2 km)",6.0,2118.7,28.3,16.2,0.79,0.652,0.812
Luuka,Eastern,Jinja,1356.2,28.7,17.1,0.67,0.498,0.084,Far (>25 km),35.6,1220.5,28.6,16.4,0.647,0.499,0.096,Far (>25 km),34.8,1324.8,28.5,17.2,0.645,0.508,0.096,Far (>25 km),35.5,1507.7,29.3,16.9,0.675,0.489,0.088,Far (>25 km),34.1,1076.5,29.0,17.1,0.635,0.509,0.072,Far (>25 km),34.2,1297.1,28.8,16.9,0.654,0.501,0.087
Manafwa,Eastern,Buginyanya,2292.4,28.5,16.3,0.787,0.66,0.833,"Very Near (Adjacent, 0-2 km)",6.5,1924.7,28.6,16.3,0.797,0.645,0.821,"Very Near (Adjacent, 0-2 km)",7.7,1732.8,28.7,15.7,0.803,0.637,0.824,"Very Near (Adjacent, 0-2 km)",6.4,2262.3,27.6,16.0,0.787,0.616,0.82,"Very Near (Adjacent, 0-2 km)",5.8,2356.0,28.0,16.2,0.778,0.611,0.807,"Very Near (Adjacent, 0-2 km)",7.0,2113.6,28.3,16.1,0.79,0.634,0.821
Mayuge,Eastern,Jinja,1251.0,28.5,17.2,0.61,0.501,0.928,"Very Near (Adjacent, 0-2 km)",3.1,1216.8,28.7,17.2,0.594,0.478,0.921,"Very Near (Adjacent, 0-2 km)",2.8,1242.8,28.5,16.9,0.629,0.474,0.911,"Very Near (Adjacent, 0-2 km)",3.1,1340.3,28.7,17.1,0.595,0.473,0.899,"Very Near (Adjacent, 0-2 km)",3.5,1236.2,28.5,17.5,0.605,0.481,0.933,"Very Near (Adjacent, 0-2 km)",3.3,1257.4,28.6,17.2,0.607,0.481,0.918
Mbale,Eastern,Buginyanya,2071.7,28.7,15.8,0.788,0.642,0.807,"Very Near (Adjacent, 0-2 km)",7.3,2247.6,28.5,15.8,0.782,0.646,0.826,"Very Near (Adjacent, 0-2 km)",5.9,2306.4,28.3,15.9,0.793,0.662,0.811,"Very Near (Adjacent, 0-2 km)",7.4,2148.4,28.5,15.8,0.819,0.69,0.804,"Very Near (Adjacent, 0-2 km)",8.4,1725.9,28.3,16.1,0.811,0.68,0.797,"Very Near (Adjacent, 0-2 km)",8.6,2100.0,28.5,15.9,0.799,0.664,0.809
Namayingo,Eastern,Tororo,1525.7,30.1,17.4,0.704,0.567,0.19,Far (>25 km),30.5,1332.7,30.3,17.5,0.666,0.531,0.175,Far (>25 km),32.2,1499.6,29.6,17.6,0.68,0.518,0.192,Far (>25 km),30.0,1733.3,29.8,17.7,0.718,0.504,0.176,Far (>25 km),30.3,1614.3,30.2,17.7,0.711,0.521,0.188,Far (>25 km),30.7,1541.1,30.0,17.6,0.696,0.528,0.184
Namisindwa,Eastern,Buginyanya,2144.2,28.2,15.7,0.777,0.667,0.809,"Very Near (Adjacent, 0-2 km)",7.7,2105.0,27.9,15.9,0.763,0.651,0.807,"Very Near (Adjacent, 0-2 km)",6.5,2082.5,28.2,15.6,0.759,0.643,0.829,"Very Near (Adjacent, 0-2 km)",7.4,2102.3,28.5,16.1,0.752,0.621,0.829,"Very Near (Adjacent, 0-2 km)",6.6,1789.0,28.4,16.7,0.798,0.626,0.825,"Very Near (Adjacent, 0-2 km)",7.5,2044.6,28.2,16.0,0.77,0.642,0.82
Namutumba,Eastern,Jinja,1167.1,28.8,16.9,0.614,0.461,0.798,"Very Near (Adjacent, 0-2 km)",7.2,1275.7,28.7,16.1,0.621,0.467,0.811,"Very Near (Adjacent, 0-2 km)",7.7,1228.2,28.5,16.7,0.652,0.502,0.81,"Very Near (Adjacent, 0-2 km)",7.9,1300.4,28.8,17.0,0.635,0.504,0.807,"Very Near (Adjacent, 0-2 km)",8.4,1035.0,28.6,17.4,0.617,0.504,0.814,"Very Near (Adjacent, 0-2 km)",7.3,1201.3,28.7,16.8,0.628,0.488,0.808
Ngora,Eastern,Soroti,1252.7,29.5,18.2,0.647,0.516,0.608,Near (2-10 km),15.7,1378.4,30.4,18.8,0.626,0.49,0.606,Near (2-10 km),14.3,1352.8,31.0,18.3,0.611,0.508,0.601,Near (2-10 km),15.3,1505.7,31.0,17.7,0.638,0.502,0.586,Near (2-10 km),16.5,1669.9,31.0,17.9,0.697,0.491,0.596,Near (2-10 km),16.4,1431.9,30.6,18.2,0.644,0.501,0.599
Pallisa,Eastern,Tororo,1986.2,30.5,17.3,0.746,0.559,0.812,"Very Near (Adjacent, 0-2 km)",8.2,1550.1,29.9,17.4,0.705,0.545,0.826,"Very Near (Adjacent, 0-2 km)",6.4,1390.2,30.7,17.3,0.708,0.507,0.825,"Very Near (Adjacent, 0-2 km)",5.5,1499.0,30.2,17.0,0.696,0.563,0.8,"Very Near (Adjacent, 0-2 km)",7.8,1368.8,30.4,16.9,0.672,0.535,0.809,"Very Near (Adjacent, 0-2 km)",7.0,1558.9,30.3,17.2,0.705,0.542,0.814
Serere,Eastern,Soroti,1124.1,30.0,18.5,0.584,0.469,0.192,Far (>25 km),30.6,1238.9,29.4,19.0,0.599,0.442,0.188,Far (>25 km),31.4,1290.6,30.0,18.8,0.584,0.451,0.197,Far (>25 km),29.6,1382.7,30.4,19.0,0.606,0.466,0.196,Far (>25 km),31.1,1350.5,30.6,19.1,0.607,0.453,0.172,Far (>25 km),30.5,1277.4,30.1,18.9,0.596,0.456,0.189
Sironko,Eastern,Buginyanya,2457.6,29.3,15.9,0.81,0.688,0.804,"Very Near (Adjacent, 0-2 km)",6.5,2152.2,28.7,15.9,0.847,0.691,0.819,"Very Near (Adjacent, 0-2 km)",8.1,2089.6,28.8,16.1,0.878,0.708,0.816,"Very Near (Adjacent, 0-2 km)",6.5,1974.6,29.0,16.4,0.832,0.67,0.803,"Very Near (Adjacent, 0-2 km)",8.6,1936.6,29.0,16.3,0.782,0.67,0.819,"Very Near (Adjacent, 0-2 km)",6.2,2122.1,29.0,16.1,0.83,0.685,0.812
Soroti,Eastern,Soroti,1206.2,31.2,19.2,0.61,0.463,0.2,Far (>25 km),30.2,1173.5,31.2,19.4,0.591,0.442,0.203,Far (>25 km),30.3,1132.9,30.8,19.0,0.634,0.417,0.173,Far (>25 km),30.7,1467.0,30.4,19.0,0.674,0.461,0.164,Far (>25 km),32.5,1269.9,30.6,18.7,0.64,0.467,0.176,Far (>25 km),31.9,1249.9,30.8,19.1,0.63,0.45,0.183
Tororo,Eastern,Tororo,1747.0,30.5,17.5,0.739,0.608,0.83,"Very Near (Adjacent, 0-2 km)",6.2,1338.7,31.3,17.5,0.708,0.544,0.817,"Very Near (Adjacent, 0-2 km)",7.5,1430.5,31.0,17.2,0.662,0.554,0.822,"Very Near (Adjacent, 0-2 km)",6.4,1514.6,30.7,17.4,0.672,0.559,0.805,"Very Near (Adjacent, 0-2 km)",6.9,1404.9,29.8,17.2,0.668,0.542,0.798,"Very Near (Adjacent, 0-2 km)",8.0,1487.1,30.7,17.4,0.69,0.561,0.814
Abim,Northern,Kotido,846.0,29.1,18.5,0.457,0.344,0.822,"Very Near (Adjacent, 0-2 km)",7.4,819.4,29.6,18.7,0.456,0.351,0.814,"Very Near (Adjacent, 0-2 km)",7.6,832.9,29.5,19.3,0.448,0.312,0.819,"Very Near (Adjacent, 0-2 km)",7.7,733.7,29.4,19.3,0.441,0.347,0.719,Near (2-10 km),11.1,908.6,29.7,19.0,0.446,0.334,0.821,"Very Near (Adjacent, 0-2 km)",6.1,828.1,29.5,19.0,0.45,0.338,0.799
Adjumani,Northern,Wadelai,1087.0,31.5,18.8,0.566,0.425,0.8,"Very Near (Adjacent, 0-2 km)",8.4,1086.9,31.9,18.5,0.605,0.443,0.824,"Very Near (Adjacent, 0-2 km)",6.7,1183.8,31.7,17.9,0.615,0.402,0.733,Near (2-10 km),9.4,1115.2,31.9,18.0,0.612,0.408,0.726,Near (2-10 km),10.4,804.1,32.6,19.2,0.527,0.384,0.701,Near (2-10 km),10.5,1055.4,31.9,18.5,0.585,0.412,0.757
Agago,Northern,Kitgum,900.9,31.3,20.0,0.529,0.381,0.798,"Very Near (Adjacent, 0-2 km)",6.9,878.5,31.7,19.4,0.544,0.412,0.728,Near (2-10 km),10.3,1285.0,31.5,19.5,0.566,0.46,0.799,"Very Near (Adjacent, 0-2 km)",7.6,1152.5,31.1,19.5,0.606,0.462,0.736,Near (2-10 km),10.7,1186.8,31.0,19.4,0.601,0.455,0.809,"Very Near (Adjacent, 0-2 km)",7.2,1080.7,31.3,19.6,0.569,0.434,0.774
Alebtong,Northern,Lira,1329.8,30.9,16.3,0.66,0.508,1.0,"Very Near (Adjacent, 0-2 km)",0.3,1387.9,31.1,16.8,0.662,0.496,1.0,"Very Near (Adjacent, 0-2 km)",0.3,1277.7,30.0,16.9,0.654,0.498,0.999,"Very Near (Adjacent, 0-2 km)",1.1,1596.8,31.1,16.9,0.711,0.526,1.0,"Very Near (Adjacent, 0-2 km)",0.4,1619.7,31.2,16.8,0.707,0.527,1.0,"Very Near (Adjacent, 0-2 km)",1.1,1442.4,30.9,16.7,0.679,0.511,1.0
Amolatar,Northern,Lira,1383.1,30.7,16.8,0.699,0.517,0.257,Far (>25 km),29.3,1315.0,30.7,16.5,0.658,0.509,0.282,Far (>25 km),27.3,1271.5,30.3,17.5,0.628,0.496,0.252,Far (>25 km),28.5,1364.4,30.3,16.6,0.659,0.512,0.167,Far (>25 km),32.8,1390.8,30.9,17.0,0.643,0.472,0.256,Far (>25 km),28.8,1345.0,30.6,16.9,0.657,0.501,0.243
Amudat,Northern,Kotido,815.9,30.1,18.8,0.441,0.307,0.827,"Very Near (Adjacent, 0-2 km)",6.8,881.9,29.7,18.9,0.472,0.318,0.808,"Very Near (Adjacent, 0-2 km)",8.3,726.6,30.5,18.7,0.472,0.34,0.807,"Very Near (Adjacent, 0-2 km)",8.2,867.8,30.0,19.1,0.432,0.306,0.832,"Very Near (Adjacent, 0-2 km)",6.5,842.5,30.0,19.0,0.454,0.345,0.799,"Very Near (Adjacent, 0-2 km)",7.1,826.9,30.1,18.9,0.454,0.323,0.815
Amuru,Northern,Gulu,1078.4,30.9,19.4,0.62,0.499,0.799,"Very Near (Adjacent, 0-2 km)",6.9,1571.7,30.6,19.3,0.694,0.498,0.811,"Very Near (Adjacent, 0-2 km)",7.4,1552.2,31.0,19.1,0.7,0.536,0.829,"Very Near (Adjacent, 0-2 km)",5.4,1236.6,30.8,19.5,0.651,0.472,0.826,"Very Near (Adjacent, 0-2 km)",5.7,1445.7,31.3,19.6,0.662,0.486,0.825,"Very Near (Adjacent, 0-2 km)",5.5,1376.9,30.9,19.4,0.665,0.498,0.818
Apac,Northern,Lira,1710.3,30.6,17.0,0.697,0.502,0.681,Near (2-10 km),13.1,1516.0,30.7,17.3,0.695,0.535,0.702,Near (2-10 km),10.3,1307.2,30.5,16.5,0.667,0.536,0.682,Near (2-10 km),13.1,1364.9,30.7,15.7,0.662,0.529,0.674,Near (2-10 km),12.3,1381.9,30.6,17.1,0.688,0.512,0.677,Near (2-10 km),11.8,1456.1,30.6,16.7,0.682,0.523,0.683
Arua,Northern,Arua,1628.7,29.3,18.0,0.715,0.519,0.816,"Very Near (Adjacent, 0-2 km)",6.1,1288.5,29.6,17.6,0.649,0.514,0.803,"Very Near (Adjacent, 0-2 km)",8.6,1356.4,29.8,16.2,0.675,0.501,0.827,"Very Near (Adjacent, 0-2 km)",6.8,1431.0,29.2,17.4,0.656,0.514,0.802,"Very Near (Adjacent, 0-2 km)",6.6,1248.0,28.9,17.9,0.634,0.466,0.822,"Very Near (Adjacent, 0-2 km)",7.0,1390.5,29.4,17.4,0.666,0.503,0.814
Dokolo,Northern,Lira,1489.1,30.8,16.8,0.694,0.534,0.247,Far (>25 km),29.7,1551.9,30.7,17.6,0.697,0.541,0.162,Far (>25 km),31.3,1636.8,31.0,16.8,0.688,0.487,0.172,Far (>25 km),32.5,1492.1,30.5,17.9,0.688,0.478,0.161,Far (>25 km),31.9,1275.4,30.6,18.0,0.706,0.487,0.249,Far (>25 km),28.5,1489.1,30.7,17.4,0.695,0.505,0.198
Gulu,Northern,Gulu,1683.5,31.0,19.4,0.708,0.527,0.833,"Very Near (Adjacent, 0-2 km)",7.4,1887.2,30.9,19.3,0.711,0.502,0.811,"Very Near (Adjacent, 0-2 km)",8.0,1626.4,30.9,19.1,0.738,0.528,0.836,"Very Near (Adjacent, 0-2 km)",5.8,1546.9,30.8,19.1,0.74,0.517,0.831,"Very Near (Adjacent, 0-2 km)",5.9,1357.3,30.8,19.1,0.715,0.523,0.835,"Very Near (Adjacent, 0-2 km)",7.2,1620.3,30.9,19.2,0.722,0.519,0.829
Kaabong,Northern,Kotido,927.3,29.4,18.4,0.497,0.327,0.836,"Very Near (Adjacent, 0-2 km)",6.0,720.2,29.5,19.0,0.42,0.295,0.824,"Very Near (Adjacent, 0-2 km)",7.2,857.7,30.0,18.5,0.423,0.32,0.82,"Very Near (Adjacent, 0-2 km)",5.8,902.2,29.9,18.6,0.45,0.293,0.823,"Very Near (Adjacent, 0-2 km)",7.5,783.0,29.1,18.5,0.455,0.312,0.822,"Very Near (Adjacent, 0-2 km)",7.7,838.1,29.6,18.6,0.449,0.309,0.825
Karenga,Northern,Kotido,901.3,29.7,18.0,0.498,0.393,0.835,"Very Near (Adjacent, 0-2 km)",6.6,914.2,29.5,18.7,0.496,0.393,0.811,"Very Near (Adjacent, 0-2 km)",7.2,895.7,30.1,19.3,0.479,0.345,0.804,"Very Near (Adjacent, 0-2 km)",6.8,863.3,29.8,19.1,0.471,0.389,0.836,"Very Near (Adjacent, 0-2 km)",6.1,680.4,29.7,18.7,0.437,0.343,0.815,"Very Near (Adjacent, 0-2 km)",8.0,851.0,29.8,18.8,0.476,0.373,0.82
Kitgum,Northern,Kitgum,1151.2,30.7,18.9,0.607,0.483,0.829,"Very Near (Adjacent, 0-2 km)",5.4,1498.7,31.1,19.3,0.667,0.515,0.813,"Very Near (Adjacent, 0-2 km)",7.2,1438.9,31.2,18.9,0.668,0.504,0.806,"Very Near (Adjacent, 0-2 km)",8.0,1542.3,30.3,18.3,0.674,0.521,0.821,"Very Near (Adjacent, 0-2 km)",7.6,1687.2,30.4,19.4,0.68,0.466,0.802,"Very Near (Adjacent, 0-2 km)",6.8,1463.7,30.7,19.0,0.659,0.498,0.814
Koboko,Northern,Arua,1694.7,29.2,17.2,0.742,0.561,0.809,"Very Near (Adjacent, 0-2 km)",7.3,1357.1,29.2,16.7,0.727,0.553,0.807,"Very Near (Adjacent, 0-2 km)",7.4,1578.3,29.5,17.5,0.743,0.547,0.811,"Very Near (Adjacent, 0-2 km)",6.1,1800.0,29.7,17.5,0.749,0.558,0.83,"Very Near (Adjacent, 0-2 km)",6.6,1868.1,29.5,18.6,0.751,0.584,0.833,"Very Near (Adjacent, 0-2 km)",6.4,1659.6,29.4,17.5,0.742,0.561,0.818
Kole,Northern,Lira,1522.0,31.3,18.1,0.706,0.552,0.701,Near (2-10 km),11.6,1569.2,31.1,16.7,0.726,0.535,0.686,Near (2-10 km),13.0,1768.7,30.2,17.3,0.702,0.551,0.681,Near (2-10 km),13.3,1541.1,29.9,17.3,0.703,0.564,0.69,Near (2-10 km),12.9,1586.8,30.5,15.9,0.697,0.548,0.67,Near (2-10 km),12.6,1597.6,30.6,17.1,0.707,0.55,0.686
Kotido,Northern,Kotido,787.9,29.9,19.1,0.455,0.343,0.809,"Very Near (Adjacent, 0-2 km)",8.0,750.9,29.7,18.9,0.431,0.282,0.833,"Very Near (Adjacent, 0-2 km)",7.2,769.1,30.2,19.2,0.431,0.269,0.812,"Very Near (Adjacent, 0-2 km)",6.1,832.8,29.9,18.9,0.45,0.308,0.836,"Very Near (Adjacent, 0-2 km)",5.5,737.6,30.2,19.3,0.465,0.293,0.83,"Very Near (Adjacent, 0-2 km)",6.7,775.7,30.0,19.1,0.446,0.299,0.824
Kwania,Northern,Lira,1543.3,31.1,16.4,0.696,0.545,0.193,Far (>25 km),31.2,1465.4,31.4,18.0,0.674,0.551,0.173,Far (>25 km),31.2,1401.1,30.5,17.2,0.689,0.514,0.179,Far (>25 km),31.7,1710.5,31.1,16.6,0.682,0.495,0.191,Far (>25 km),31.9,1480.3,31.4,16.3,0.697,0.506,0.185,Far (>25 km),30.6,1520.1,31.1,16.9,0.688,0.522,0.184
Lamwo,Northern,Kitgum,1414.6,30.5,18.3,0.665,0.51,0.801,"Very Near (Adjacent, 0-2 km)",7.4,1385.9,31.0,19.0,0.664,0.522,0.82,"Very Near (Adjacent, 0-2 km)",7.3,1680.5,31.6,18.4,0.656,0.51,0.798,"Very Near (Adjacent, 0-2 km)",6.9,1379.2,30.6,19.1,0.675,0.51,0.822,"Very Near (Adjacent, 0-2 km)",7.4,1431.8,30.3,19.8,0.668,0.488,0.834,"Very Near (Adjacent, 0-2 km)",5.4,1458.4,30.8,18.9,0.666,0.508,0.815
Lira,Northern,Lira,1406.4,30.8,16.3,0.656,0.506,0.696,Near (2-10 km),11.4,1235.9,30.5,15.3,0.683,0.492,0.69,Near (2-10 km),12.2,1524.7,30.6,15.8,0.709,0.532,0.683,Near (2-10 km),12.3,1429.8,30.4,17.4,0.765,0.561,0.705,Near (2-10 km),10.1,1457.5,30.6,17.0,0.735,0.52,0.689,Near (2-10 km),13.0,1410.9,30.6,16.4,0.71,0.522,0.693
Madi-Okollo,Northern,Arua,1434.8,29.2,14.9,0.675,0.519,0.832,"Very Near (Adjacent, 0-2 km)",5.8,1316.1,28.9,15.1,0.664,0.487,0.828,"Very Near (Adjacent, 0-2 km)",7.5,1178.0,28.8,18.4,0.669,0.512,0.813,"Very Near (Adjacent, 0-2 km)",7.2,1259.8,29.5,16.7,0.65,0.48,0.808,"Very Near (Adjacent, 0-2 km)",8.5,1498.2,29.4,16.9,0.684,0.524,0.804,"Very Near (Adjacent, 0-2 km)",7.9,1337.4,29.2,16.4,0.668,0.504,0.817
Maracha,Northern,Arua,1454.0,29.3,17.1,0.697,0.547,0.836,"Very Near (Adjacent, 0-2 km)",7.4,1421.7,28.8,17.4,0.669,0.565,0.831,"Very Near (Adjacent, 0-2 km)",6.3,1254.5,29.0,16.6,0.653,0.535,0.834,"Very Near (Adjacent, 0-2 km)",7.2,1241.8,29.2,17.3,0.63,0.507,0.813,"Very Near (Adjacent, 0-2 km)",6.8,1627.4,29.6,16.5,0.65,0.528,0.81,"Very Near (Adjacent, 0-2 km)",6.8,1399.9,29.2,17.0,0.66,0.536,0.825
Moroto,Northern,Kotido,771.6,30.3,19.2,0.453,0.309,0.819,"Very Near (Adjacent, 0-2 km)",6.7,541.1,30.0,19.3,0.426,0.308,0.835,"Very Near (Adjacent, 0-2 km)",5.1,699.8,30.7,18.8,0.422,0.303,0.821,"Very Near (Adjacent, 0-2 km)",6.6,673.5,29.8,19.1,0.397,0.298,0.837,"Very Near (Adjacent, 0-2 km)",7.4,621.8,29.4,19.1,0.355,0.252,0.825,"Very Near (Adjacent, 0-2 km)",7.2,661.6,30.0,19.1,0.411,0.294,0.827
Moyo,Northern,Wadelai,1129.2,31.7,19.2,0.606,0.429,0.079,Far (>25 km),35.5,1257.4,31.5,19.2,0.617,0.416,0.073,Far (>25 km),36.0,1071.9,31.4,18.9,0.565,0.455,0.086,Far (>25 km),34.1,967.9,31.5,19.4,0.557,0.434,0.072,Far (>25 km),35.0,867.6,31.3,19.3,0.51,0.428,0.077,Far (>25 km),35.5,1058.8,31.5,19.2,0.571,0.432,0.077
Nabilatuk,Northern,Kotido,827.6,29.5,19.1,0.451,0.331,0.082,Far (>25 km),33.8,841.4,29.5,18.5,0.456,0.328,0.076,Far (>25 km),35.0,613.8,29.7,18.2,0.431,0.347,0.103,Far (>25 km),35.1,686.0,29.8,19.0,0.426,0.283,0.088,Far (>25 km),35.8,687.4,30.5,19.1,0.423,0.292,0.069,Far (>25 km),34.7,731.2,29.8,18.8,0.437,0.316,0.084
Nakapiripirit,Northern,Kotido,828.8,30.3,18.9,0.429,0.305,0.069,Far (>25 km),34.8,855.0,29.2,18.7,0.437,0.296,0.075,Far (>25 km),35.2,708.0,29.2,18.7,0.417,0.27,0.099,Far (>25 km),33.9,855.4,30.3,18.9,0.434,0.265,0.076,Far (>25 km),35.0,770.9,30.1,19.0,0.44,0.27,0.101,Far (>25 km),34.2,803.6,29.8,18.8,0.431,0.281,0.084
Napak,Northern,Kotido,857.0,30.2,19.3,0.472,0.369,0.103,Far (>25 km),33.6,993.1,30.1,18.9,0.518,0.358,0.085,Far (>25 km),35.1,1033.7,29.7,18.3,0.462,0.342,0.092,Far (>25 km),35.3,1040.0,29.9,18.7,0.495,0.349,0.068,Far (>25 km),34.7,982.0,29.8,18.7,0.491,0.366,0.068,Far (>25 km),36.1,981.2,29.9,18.8,0.488,0.357,0.083
Nebbi,Northern,Wadelai,904.5,31.8,20.2,0.579,0.461,0.816,"Very Near (Adjacent, 0-2 km)",7.0,749.5,32.3,20.4,0.553,0.443,0.798,"Very Near (Adjacent, 0-2 km)",8.4,1045.4,32.1,20.9,0.53,0.428,0.835,"Very Near (Adjacent, 0-2 km)",5.1,1070.1,32.0,20.0,0.563,0.441,0.836,"Very Near (Adjacent, 0-2 km)",6.2,1407.5,31.8,19.8,0.608,0.439,0.801,"Very Near (Adjacent, 0-2 km)",6.4,1035.4,32.0,20.3,0.567,0.442,0.817
Nwoya,Northern,Gulu,1641.9,30.8,19.3,0.74,0.56,0.695,Near (2-10 km),12.3,1334.3,30.6,19.2,0.676,0.567,0.683,Near (2-10 km),12.9,1559.7,30.6,19.2,0.694,0.533,0.667,Near (2-10 km),13.5,1729.0,30.4,19.8,0.704,0.517,0.673,Near (2-10 km),11.7,1841.9,30.9,19.7,0.71,0.499,0.68,Near (2-10 km),11.8,1621.4,30.7,19.4,0.705,0.535,0.68
Obongi,Northern,Wadelai,848.0,31.6,18.5,0.506,0.397,0.099,Far (>25 km),34.2,925.6,31.1,19.3,0.486,0.403,0.08,Far (>25 km),35.7,1183.8,31.9,19.1,0.558,0.41,0.081,Far (>25 km),34.5,1358.7,31.5,19.9,0.629,0.439,0.077,Far (>25 km),35.3,1154.8,32.1,19.8,0.615,0.476,0.1,Far (>25 km),35.2,1094.2,31.6,19.3,0.559,0.425,0.087
Omoro,Northern,Gulu,1564.5,30.4,18.8,0.698,0.53,0.798,"Very Near (Adjacent, 0-2 km)",7.4,1687.5,30.5,19.1,0.713,0.548,0.825,"Very Near (Adjacent, 0-2 km)",6.6,1261.8,30.6,19.3,0.684,0.521,0.826,"Very Near (Adjacent, 0-2 km)",7.7,1749.0,30.9,19.0,0.698,0.553,0.798,"Very Near (Adjacent, 0-2 km)",8.1,1693.4,30.5,19.1,0.709,0.563,0.806,"Very Near (Adjacent, 0-2 km)",7.7,1591.2,30.6,19.1,0.7,0.543,0.811
Otuke,Northern,Lira,1754.8,30.5,17.5,0.748,0.561,0.674,Near (2-10 km),11.5,1691.5,30.5,17.0,0.712,0.538,0.701,Near (2-10 km),11.7,1544.2,31.3,16.3,0.701,0.584,0.692,Near (2-10 km),11.5,1379.7,31.0,15.4,0.646,0.516,0.677,Near (2-10 km),11.2,1353.3,30.3,15.5,0.638,0.482,0.705,Near (2-10 km),11.9,1544.7,30.7,16.3,0.689,0.536,0.69
Oyam,Northern,Lira,1465.6,31.3,16.7,0.676,0.464,0.277,Far (>25 km),26.5,1333.9,30.5,17.2,0.646,0.491,0.247,Far (>25 km),28.5,1483.6,31.0,16.8,0.657,0.497,0.251,Far (>25 km),28.7,1542.2,30.3,17.4,0.72,0.516,0.259,Far (>25 km),28.8,1609.6,30.8,17.4,0.716,0.497,0.253,Far (>25 km),28.4,1487.0,30.8,17.1,0.683,0.493,0.257
Pader,Northern,Kitgum,1214.7,31.4,18.8,0.618,0.473,0.813,"Very Near (Adjacent, 0-2 km)",6.5,1132.2,31.3,19.7,0.651,0.464,0.81,"Very Near (Adjacent, 0-2 km)",6.5,1147.9,30.6,19.2,0.625,0.445,0.809,"Very Near (Adjacent, 0-2 km)",7.1,1217.6,30.4,19.7,0.588,0.444,0.812,"Very Near (Adjacent, 0-2 km)",7.5,1277.0,30.5,18.5,0.621,0.465,0.832,"Very Near (Adjacent, 0-2 km)",6.4,1197.9,30.8,19.2,0.621,0.458,0.815
Pakwach,Northern,Wadelai,1130.2,31.3,19.1,0.578,0.444,0.071,Far (>25 km),35.3,1131.7,30.9,20.4,0.62,0.446,0.069,Far (>25 km),36.2,1183.2,31.7,20.9,0.591,0.464,0.064,Far (>25 km),35.0,1161.3,31.9,20.1,0.586,0.462,0.1,Far (>25 km),34.4,1139.0,31.9,20.5,0.56,0.441,0.077,Far (>25 km),34.0,1149.1,31.5,20.2,0.587,0.451,0.076
Terego,Northern,Arua,1105.3,29.4,16.7,0.591,0.465,0.804,"Very Near (Adjacent, 0-2 km)",8.3,1270.5,29.3,17.0,0.593,0.467,0.8,"Very Near (Adjacent, 0-2 km)",8.1,1272.5,29.3,16.9,0.613,0.486,0.803,"Very Near (Adjacent, 0-2 km)",8.1,1318.2,29.3,17.3,0.624,0.498,0.801,"Very Near (Adjacent, 0-2 km)",6.7,1440.5,29.6,15.9,0.641,0.509,0.805,"Very Near (Adjacent, 0-2 km)",8.5,1281.4,29.4,16.8,0.612,0.485,0.803
Yumbe,Northern,Arua,1041.9,28.9,17.5,0.591,0.44,0.797,"Very Near (Adjacent, 0-2 km)",7.7,1391.8,28.7,16.7,0.649,0.493,0.833,"Very Near (Adjacent, 0-2 km)",6.8,1466.9,28.7,17.0,0.671,0.521,0.797,"Very Near (Adjacent, 0-2 km)",8.1,1476.3,29.3,17.1,0.664,0.502,0.809,"Very Near (Adjacent, 0-2 km)",6.6,1132.2,29.4,17.6,0.609,0.507,0.802,"Very Near (Adjacent, 0-2 km)",6.6,1301.8,29.0,17.2,0.637,0.493,0.808
Zombo,Northern,Wadelai,1075.0,32.7,20.7,0.586,0.452,0.819,"Very Near (Adjacent, 0-2 km)",7.5,1071.9,32.7,20.5,0.631,0.443,0.833,"Very Near (Adjacent, 0-2 km)",6.7,1007.5,31.7,19.4,0.587,0.444,0.814,"Very Near (Adjacent, 0-2 km)",8.1,1342.4,32.0,19.1,0.606,0.43,0.803,"Very Near (Adjacent, 0-2 km)",8.5,1246.1,32.2,19.6,0.604,0.469,0.836,"Very Near (Adjacent, 0-2 km)",6.3,1148.6,32.3,19.9,0.603,0.448,0.821
Buhweju,Western,Mbarara,819.8,27.8,16.4,0.488,0.36,0.826,"Very Near (Adjacent, 0-2 km)",6.9,841.4,28.4,16.4,0.482,0.399,0.825,"Very Near (Adjacent, 0-2 km)",7.1,846.8,28.8,15.9,0.495,0.376,0.824,"Very Near (Adjacent, 0-2 km)",7.1,912.2,28.4,16.3,0.544,0.395,0.816,"Very Near (Adjacent, 0-2 km)",6.2,973.0,28.7,16.6,0.548,0.434,0.81,"Very Near (Adjacent, 0-2 km)",6.8,878.6,28.4,16.3,0.511,0.393,0.82
Buliisa,Western,Masindi,1601.5,29.7,18.5,0.79,0.651,0.694,Near (2-10 km),10.7,1731.1,29.6,19.2,0.763,0.608,0.694,Near (2-10 km),11.6,1742.9,29.8,18.4,0.786,0.623,0.704,Near (2-10 km),11.1,1767.9,29.8,18.4,0.792,0.599,0.697,Near (2-10 km),10.7,1619.7,30.0,18.3,0.771,0.629,0.672,Near (2-10 km),13.3,1692.6,29.8,18.6,0.78,0.622,0.692
Bundibugyo,Western,Kasese,892.9,30.6,18.0,0.588,0.486,0.83,"Very Near (Adjacent, 0-2 km)",5.8,887.2,30.7,18.0,0.597,0.496,0.814,"Very Near (Adjacent, 0-2 km)",7.7,810.9,30.8,17.2,0.612,0.503,0.8,"Very Near (Adjacent, 0-2 km)",8.0,890.4,31.1,16.7,0.623,0.484,0.824,"Very Near (Adjacent, 0-2 km)",7.8,896.8,30.6,16.8,0.621,0.51,0.837,"Very Near (Adjacent, 0-2 km)",6.9,875.6,30.8,17.3,0.608,0.496,0.821
Bunyangabu,Western,Kyembogo,1703.3,26.9,15.6,0.794,0.685,0.801,"Very Near (Adjacent, 0-2 km)",8.3,1433.8,27.2,15.9,0.784,0.641,0.803,"Very Near (Adjacent, 0-2 km)",7.0,1242.3,27.7,16.1,0.746,0.612,0.829,"Very Near (Adjacent, 0-2 km)",6.5,1379.4,27.0,16.0,0.79,0.631,0.814,"Very Near (Adjacent, 0-2 km)",8.0,1393.1,26.8,15.6,0.747,0.645,0.831,"Very Near (Adjacent, 0-2 km)",5.9,1430.4,27.1,15.8,0.772,0.643,0.816
Bushenyi,Western,Mbarara,885.7,28.2,17.0,0.521,0.389,0.83,"Very Near (Adjacent, 0-2 km)",7.6,963.7,28.5,16.2,0.561,0.414,0.824,"Very Near (Adjacent, 0-2 km)",6.0,829.2,28.2,16.3,0.531,0.419,0.818,"Very Near (Adjacent, 0-2 km)",7.1,1048.0,28.4,15.8,0.581,0.453,0.808,"Very Near (Adjacent, 0-2 km)",7.9,743.6,28.1,16.4,0.534,0.414,0.801,"Very Near (Adjacent, 0-2 km)",6.8,894.0,28.3,16.3,0.546,0.418,0.816
Hoima,Western,Masindi,1457.5,29.5,18.6,0.691,0.571,0.705,Near (2-10 km),10.8,1274.8,29.6,18.7,0.657,0.574,0.673,Near (2-10 km),13.1,1404.3,30.0,18.0,0.637,0.504,0.699,Near (2-10 km),11.3,1543.7,29.7,17.3,0.655,0.488,0.686,Near (2-10 km),10.8,1584.9,30.0,17.6,0.732,0.525,0.667,Near (2-10 km),13.6,1453.0,29.8,18.0,0.674,0.532,0.686
Ibanda,Western,Mbarara,917.7,28.7,16.4,0.55,0.412,0.835,"Very Near (Adjacent, 0-2 km)",6.8,1024.6,28.6,15.7,0.571,0.415,0.824,"Very Near (Adjacent, 0-2 km)",6.5,946.1,28.4,15.7,0.577,0.427,0.809,"Very Near (Adjacent, 0-2 km)",7.8,965.0,28.3,15.9,0.575,0.418,0.828,"Very Near (Adjacent, 0-2 km)",5.5,1003.6,28.1,15.8,0.588,0.421,0.801,"Very Near (Adjacent, 0-2 km)",6.5,971.4,28.4,15.9,0.572,0.419,0.819
Isingiro,Western,Mbarara,830.4,28.3,16.7,0.507,0.401,0.825,"Very Near (Adjacent, 0-2 km)",6.6,965.8,28.1,16.3,0.524,0.397,0.8,"Very Near (Adjacent, 0-2 km)",7.6,965.2,28.3,15.9,0.557,0.42,0.834,"Very Near (Adjacent, 0-2 km)",7.0,783.1,27.8,16.5,0.521,0.432,0.726,Near (2-10 km),10.7,888.1,27.7,15.3,0.498,0.434,0.805,"Very Near (Adjacent, 0-2 km)",7.5,886.5,28.0,16.1,0.521,0.417,0.798
Kabale,Western,Kabale,1124.1,24.5,11.6,0.67,0.563,0.181,Far (>25 km),32.2,1179.5,24.7,12.2,0.669,0.602,0.164,Far (>25 km),30.6,971.1,25.0,11.7,0.663,0.568,0.165,Far (>25 km),30.7,782.5,24.1,12.4,0.607,0.558,0.176,Far (>25 km),31.6,1168.0,24.9,12.4,0.626,0.582,0.193,Far (>25 km),31.4,1045.0,24.6,12.1,0.647,0.575,0.176
Kabarole,Western,Kyembogo,1383.7,27.3,16.1,0.741,0.614,0.8,"Very Near (Adjacent, 0-2 km)",7.4,1354.5,26.9,16.6,0.771,0.636,0.82,"Very Near (Adjacent, 0-2 km)",6.4,1553.3,27.5,16.0,0.782,0.627,0.808,"Very Near (Adjacent, 0-2 km)",6.5,1284.7,27.7,16.4,0.754,0.609,0.811,"Very Near (Adjacent, 0-2 km)",6.2,1177.6,27.6,15.4,0.722,0.604,0.837,"Very Near (Adjacent, 0-2 km)",6.7,1350.8,27.4,16.1,0.754,0.618,0.815
Kagadi,Western,Kibanda,790.4,28.2,17.0,0.507,0.406,0.835,"Very Near (Adjacent, 0-2 km)",5.2,738.8,28.3,16.6,0.515,0.409,0.801,"Very Near (Adjacent, 0-2 km)",7.9,706.9,28.4,17.7,0.524,0.419,0.836,"Very Near (Adjacent, 0-2 km)",6.0,727.3,28.3,17.9,0.471,0.402,0.809,"Very Near (Adjacent, 0-2 km)",7.0,689.7,28.5,18.0,0.499,0.393,0.797,"Very Near (Adjacent, 0-2 km)",7.0,730.6,28.3,17.4,0.503,0.406,0.816
Kakumiro,Western,Kibanda,815.2,28.7,17.7,0.508,0.386,0.803,"Very Near (Adjacent, 0-2 km)",6.6,791.5,28.6,17.7,0.498,0.386,0.836,"Very Near (Adjacent, 0-2 km)",6.6,932.7,28.9,16.5,0.568,0.411,0.83,"Very Near (Adjacent, 0-2 km)",6.3,781.5,28.7,15.9,0.53,0.409,0.818,"Very Near (Adjacent, 0-2 km)",6.6,780.9,28.9,16.1,0.553,0.394,0.815,"Very Near (Adjacent, 0-2 km)",7.7,820.4,28.8,16.8,0.531,0.397,0.82
Kamwenge,Western,Kyembogo,1673.8,27.7,16.2,0.739,0.582,0.694,Near (2-10 km),10.8,1210.1,27.6,16.3,0.658,0.56,0.677,Near (2-10 km),12.6,1354.3,28.1,15.9,0.668,0.537,0.687,Near (2-10 km),12.0,1172.1,27.3,15.5,0.653,0.505,0.669,Near (2-10 km),12.1,1132.7,27.8,15.7,0.623,0.511,0.684,Near (2-10 km),13.0,1308.6,27.7,15.9,0.668,0.539,0.682
Kanungu,Western,Kabale,1431.9,24.6,12.4,0.714,0.591,0.836,"Very Near (Adjacent, 0-2 km)",5.2,1133.4,25.0,12.8,0.689,0.576,0.814,"Very Near (Adjacent, 0-2 km)",6.3,1317.6,25.0,12.3,0.705,0.593,0.813,"Very Near (Adjacent, 0-2 km)",7.3,1186.3,24.4,12.4,0.676,0.568,0.826,"Very Near (Adjacent, 0-2 km)",6.8,1155.2,24.9,12.6,0.716,0.58,0.822,"Very Near (Adjacent, 0-2 km)",7.0,1244.9,24.8,12.5,0.7,0.582,0.822
Kasese,Western,Kasese,995.7,30.2,17.0,0.634,0.527,0.254,Far (>25 km),27.6,782.5,30.6,17.1,0.599,0.53,0.266,Far (>25 km),26.9,723.8,30.4,17.1,0.575,0.52,0.262,Far (>25 km),28.3,896.4,30.8,17.2,0.577,0.524,0.282,Far (>25 km),28.4,786.1,30.3,16.1,0.563,0.515,0.27,Far (>25 km),26.9,836.9,30.5,16.9,0.59,0.523,0.267
Kazo,Western,Mbarara,807.3,27.9,16.2,0.508,0.404,0.27,Far (>25 km),28.2,761.1,27.8,15.8,0.507,0.407,0.255,Far (>25 km),29.1,811.2,28.2,16.2,0.497,0.414,0.254,Far (>25 km),28.7,950.1,28.2,16.4,0.52,0.392,0.285,Far (>25 km),28.0,666.6,28.0,15.3,0.466,0.357,0.277,Far (>25 km),27.0,799.3,28.0,16.0,0.5,0.395,0.268
Kibaale,Western,Kibanda,754.3,28.5,17.0,0.502,0.394,0.813,"Very Near (Adjacent, 0-2 km)",8.0,826.9,28.8,15.6,0.492,0.394,0.816,"Very Near (Adjacent, 0-2 km)",6.3,904.9,28.6,17.1,0.517,0.395,0.81,"Very Near (Adjacent, 0-2 km)",6.2,935.0,28.9,17.2,0.511,0.428,0.835,"Very Near (Adjacent, 0-2 km)",6.0,973.4,28.4,17.1,0.521,0.428,0.816,"Very Near (Adjacent, 0-2 km)",5.9,878.9,28.6,16.8,0.509,0.408,0.818
Kikuube,Western,Masindi,1286.9,29.7,18.4,0.645,0.516,0.692,Near (2-10 km),10.9,1548.2,29.7,17.8,0.655,0.512,0.675,Near (2-10 km),13.0,1345.3,29.6,17.3,0.705,0.493,0.686,Near (2-10 km),12.1,941.3,29.6,18.0,0.624,0.454,0.678,Near (2-10 km),11.2,1129.1,30.0,18.2,0.609,0.481,0.68,Near (2-10 km),11.9,1250.2,29.7,17.9,0.648,0.491,0.682
Kiruhura,Western,Mbarara,984.0,28.2,16.5,0.541,0.423,0.282,Far (>25 km),27.8,698.5,28.5,17.1,0.54,0.408,0.265,Far (>25 km),28.1,724.7,28.3,16.4,0.539,0.435,0.275,Far (>25 km),28.1,1016.2,27.7,16.0,0.558,0.467,0.277,Far (>25 km),27.0,927.9,28.0,16.0,0.522,0.446,0.262,Far (>25 km),27.5,870.3,28.1,16.4,0.54,0.436,0.272
Kiryandongo,Western,Kibanda,743.6,28.8,16.0,0.558,0.51,0.812,"Very Near (Adjacent, 0-2 km)",7.9,939.0,28.4,15.2,0.603,0.507,0.815,"Very Near (Adjacent, 0-2 km)",5.9,519.7,28.6,18.0,0.544,0.47,0.826,"Very Near (Adjacent, 0-2 km)",6.2,799.5,28.7,17.2,0.54,0.441,0.825,"Very Near (Adjacent, 0-2 km)",7.6,720.3,28.9,16.9,0.527,0.475,0.833,"Very Near (Adjacent, 0-2 km)",6.5,744.4,28.7,16.7,0.554,0.481,0.822
Kisoro,Western,Kabale,1123.8,24.5,12.6,0.659,0.525,0.164,Far (>25 km),32.7,1018.9,24.6,11.3,0.652,0.528,0.165,Far (>25 km),31.8,1248.5,24.5,11.7,0.668,0.547,0.165,Far (>25 km),30.7,1250.0,24.3,11.7,0.689,0.573,0.198,Far (>25 km),30.9,1138.2,24.6,11.9,0.74,0.551,0.188,Far (>25 km),30.1,1155.9,24.5,11.8,0.682,0.545,0.176
Kitagwenda,Western,Kyembogo,1449.9,26.9,15.6,0.721,0.536,0.677,Near (2-10 km),11.8,1382.4,26.6,15.8,0.673,0.507,0.699,Near (2-10 km),10.8,1258.1,26.6,15.6,0.659,0.531,0.69,Near (2-10 km),12.6,1408.8,27.2,16.0,0.668,0.516,0.67,Near (2-10 km),12.3,1434.5,27.4,16.3,0.672,0.501,0.677,Near (2-10 km),12.5,1386.7,26.9,15.9,0.679,0.518,0.683
Kyegegwa,Western,Kyembogo,1722.6,28.1,16.1,0.741,0.594,0.81,"Very Near (Adjacent, 0-2 km)",8.3,1310.8,26.7,16.8,0.687,0.558,0.81,"Very Near (Adjacent, 0-2 km)",8.1,1236.3,26.6,16.0,0.65,0.541,0.813,"Very Near (Adjacent, 0-2 km)",7.1,1113.9,26.5,15.7,0.613,0.511,0.827,"Very Near (Adjacent, 0-2 km)",7.1,1320.5,27.3,16.7,0.629,0.494,0.823,"Very Near (Adjacent, 0-2 km)",6.1,1340.8,27.0,16.3,0.664,0.54,0.817
Kyenjojo,Western,Kyembogo,1206.9,27.9,15.7,0.644,0.503,0.815,"Very Near (Adjacent, 0-2 km)",6.0,885.1,27.5,15.9,0.601,0.464,0.806,"Very Near (Adjacent, 0-2 km)",7.3,873.5,27.2,16.2,0.536,0.413,0.832,"Very Near (Adjacent, 0-2 km)",7.3,685.1,27.0,16.0,0.495,0.387,0.807,"Very Near (Adjacent, 0-2 km)",7.9,1122.8,28.2,16.2,0.529,0.415,0.836,"Very Near (Adjacent, 0-2 km)",6.7,954.7,27.6,16.0,0.561,0.436,0.819
Masindi,Western,Masindi,1416.0,29.8,18.2,0.773,0.623,0.098,Far (>25 km),34.2,1345.5,30.0,18.0,0.759,0.642,0.095,Far (>25 km),34.7,1355.0,30.2,18.0,0.767,0.647,0.085,Far (>25 km),34.7,1260.3,29.9,17.7,0.739,0.63,0.087,Far (>25 km),34.7,1322.5,30.0,17.4,0.696,0.627,0.086,Far (>25 km),33.6,1339.9,30.0,17.9,0.747,0.634,0.09
Mbarara,Western,Mbarara,1158.2,28.1,16.5,0.613,0.477,0.825,"Very Near (Adjacent, 0-2 km)",5.9,1104.0,28.3,16.5,0.606,0.476,0.801,"Very Near (Adjacent, 0-2 km)",8.5,1053.8,28.1,17.4,0.601,0.462,0.83,"Very Near (Adjacent, 0-2 km)",7.2,1012.9,27.9,16.3,0.556,0.445,0.814,"Very Near (Adjacent, 0-2 km)",6.2,900.0,28.5,16.2,0.546,0.432,0.812,"Very Near (Adjacent, 0-2 km)",6.2,1045.8,28.2,16.6,0.584,0.458,0.816
Mitooma,Western,Mbarara,929.8,28.3,15.7,0.527,0.433,0.814,"Very Near (Adjacent, 0-2 km)",6.5,904.0,28.1,15.8,0.516,0.45,0.814,"Very Near (Adjacent, 0-2 km)",8.0,820.8,28.0,16.8,0.52,0.448,0.834,"Very Near (Adjacent, 0-2 km)",5.5,1042.7,28.3,15.9,0.553,0.444,0.821,"Very Near (Adjacent, 0-2 km)",7.7,864.3,28.2,16.5,0.52,0.423,0.836,"Very Near (Adjacent, 0-2 km)",6.3,912.3,28.2,16.1,0.527,0.44,0.824
Ntoroko,Western,Kasese,835.3,31.2,17.3,0.56,0.494,0.277,Far (>25 km),26.5,845.5,31.3,17.0,0.529,0.471,0.259,Far (>25 km),28.7,912.3,31.4,17.6,0.561,0.481,0.282,Far (>25 km),26.4,998.5,30.8,18.3,0.623,0.499,0.281,Far (>25 km),28.1,1122.6,31.2,18.5,0.648,0.523,0.25,Far (>25 km),28.8,942.8,31.2,17.7,0.584,0.494,0.27
Ntungamo,Western,Mbarara,1061.0,28.4,16.1,0.532,0.374,0.809,"Very Near (Adjacent, 0-2 km)",8.0,1178.7,28.8,16.0,0.554,0.405,0.812,"Very Near (Adjacent, 0-2 km)",8.1,891.2,28.5,15.7,0.55,0.427,0.825,"Very Near (Adjacent, 0-2 km)",6.1,1122.1,28.2,16.2,0.606,0.425,0.816,"Very Near (Adjacent, 0-2 km)",7.1,816.3,28.0,15.8,0.581,0.467,0.813,"Very Near (Adjacent, 0-2 km)",7.9,1013.9,28.4,16.0,0.565,0.42,0.815
Rubanda,Western,Kabale,989.5,24.8,12.4,0.644,0.545,0.169,Far (>25 km),32.5,1267.8,24.9,12.2,0.683,0.548,0.201,Far (>25 km),29.9,1339.4,25.0,12.1,0.688,0.59,0.19,Far (>25 km),31.1,1145.2,24.8,12.4,0.675,0.559,0.2,Far (>25 km),29.6,886.2,25.1,12.0,0.635,0.599,0.198,Far (>25 km),31.1,1125.6,24.9,12.2,0.665,0.568,0.192
Rubirizi,Western,Mbarara,823.0,27.8,16.3,0.495,0.378,0.277,Far (>25 km),27.4,703.6,28.0,16.8,0.487,0.398,0.268,Far (>25 km),26.7,936.8,28.3,16.9,0.507,0.427,0.252,Far (>25 km),28.9,931.8,28.5,16.7,0.531,0.434,0.283,Far (>25 km),27.9,938.5,28.0,17.3,0.566,0.437,0.252,Far (>25 km),28.0,866.7,28.1,16.8,0.517,0.415,0.266
Rukiga,Western,Kabale,1016.1,24.9,11.6,0.659,0.539,0.186,Far (>25 km),30.9,1007.4,25.1,11.7,0.659,0.542,0.197,Far (>25 km),30.9,923.2,24.8,11.8,0.634,0.542,0.199,Far (>25 km),31.3,1017.1,25.3,12.5,0.609,0.551,0.194,Far (>25 km),31.3,799.8,24.8,12.5,0.594,0.486,0.201,Far (>25 km),29.7,952.7,25.0,12.0,0.631,0.532,0.195
Rukungiri,Western,Kabale,1089.6,24.1,12.0,0.676,0.576,0.814,"Very Near (Adjacent, 0-2 km)",8.0,1142.7,24.5,12.4,0.658,0.544,0.81,"Very Near (Adjacent, 0-2 km)",6.9,1066.9,25.1,12.4,0.683,0.544,0.8,"Very Near (Adjacent, 0-2 km)",8.0,1074.3,25.4,12.1,0.665,0.548,0.831,"Very Near (Adjacent, 0-2 km)",5.7,1033.5,25.0,12.3,0.665,0.54,0.806,"Very Near (Adjacent, 0-2 km)",6.5,1081.4,24.8,12.2,0.669,0.55,0.812
Rwampara,Western,Mbarara,993.4,28.0,16.7,0.552,0.441,0.097,Far (>25 km),33.6,900.4,28.4,15.9,0.517,0.392,0.099,Far (>25 km),35.3,724.9,28.2,16.7,0.541,0.412,0.089,Far (>25 km),35.7,868.9,28.0,15.6,0.509,0.387,0.098,Far (>25 km),34.3,1013.7,28.8,15.7,0.555,0.402,0.087,Far (>25 km),33.8,900.3,28.3,16.1,0.535,0.407,0.094
Sheema,Western,Mbarara,1149.9,28.4,16.8,0.591,0.455,0.833,"Very Near (Adjacent, 0-2 km)",7.4,885.3,28.2,16.1,0.565,0.417,0.801,"Very Near (Adjacent, 0-2 km)",6.9,828.3,28.4,16.2,0.522,0.42,0.8,"Very Near (Adjacent, 0-2 km)",8.1,923.7,28.5,15.9,0.522,0.456,0.806,"Very Near (Adjacent, 0-2 km)",6.2,672.3,28.5,16.5,0.514,0.414,0.836,"Very Near (Adjacent, 0-2 km)",5.6,891.9,28.4,16.3,0.543,0.432,0.815
Arua City,Northern,Arua,1509.7,29.6,17.0,0.522,0.29,0.819,"Very Near (Adjacent, 0-2 km)",7.4,1499.7,29.7,17.0,0.484,0.316,0.834,"Very Near (Adjacent, 0-2 km)",5.1,1486.4,29.4,17.0,0.48,0.331,0.801,"Very Near (Adjacent, 0-2 km)",7.2,1709.5,29.6,18.1,0.509,0.279,0.821,"Very Near (Adjacent, 0-2 km)",7.6,1539.0,29.6,17.0,0.487,0.276,0.832,"Very Near (Adjacent, 0-2 km)",7.3,1548.9,29.6,17.2,0.496,0.298,0.821
Entebbe City,Central,Entebbe,1180.0,26.3,17.7,0.405,0.214,0.091,Far (>25 km),33.9,1329.6,26.2,18.4,0.403,0.226,0.098,Far (>25 km),34.7,1355.6,25.7,18.9,0.433,0.236,0.088,Far (>25 km),34.1,1455.2,26.1,18.9,0.459,0.233,0.074,Far (>25 km),36.3,1565.9,26.6,18.0,0.503,0.257,0.085,Far (>25 km),34.8,1377.3,26.2,18.4,0.441,0.233,0.087
Fort Portal City,Western,Kyembogo,1428.7,27.8,15.5,0.467,0.294,0.806,"Very Near (Adjacent, 0-2 km)",6.8,1449.6,27.6,16.6,0.443,0.258,0.803,"Very Near (Adjacent, 0-2 km)",8.1,1219.9,27.6,15.7,0.436,0.257,0.821,"Very Near (Adjacent, 0-2 km)",6.4,1124.3,26.9,15.4,0.383,0.248,0.809,"Very Near (Adjacent, 0-2 km)",7.4,1449.4,27.0,15.8,0.439,0.286,0.81,"Very Near (Adjacent, 0-2 km)",8.0,1334.4,27.4,15.8,0.434,0.269,0.81
Gulu City,Northern,Gulu,1682.8,30.7,19.3,0.53,0.325,0.836,"Very Near (Adjacent, 0-2 km)",6.0,1524.9,30.8,19.5,0.52,0.32,0.828,"Very Near (Adjacent, 0-2 km)",6.3,1496.4,30.8,19.1,0.488,0.285,0.837,"Very Near (Adjacent, 0-2 km)",5.7,1481.8,30.7,19.3,0.505,0.295,0.826,"Very Near (Adjacent, 0-2 km)",6.9,1421.2,30.8,19.2,0.485,0.315,0.836,"Very Near (Adjacent, 0-2 km)",5.4,1521.4,30.8,19.3,0.506,0.308,0.833
Hoima City,Western,Masindi,1563.1,29.4,17.4,0.473,0.289,0.677,Near (2-10 km),12.4,1323.5,29.8,17.7,0.445,0.296,0.699,Near (2-10 km),11.9,1358.6,29.8,18.0,0.471,0.275,0.676,Near (2-10 km),12.4,1311.5,29.8,17.7,0.443,0.28,0.699,Near (2-10 km),12.4,1481.3,30.0,18.3,0.461,0.27,0.691,Near (2-10 km),11.7,1407.6,29.8,17.8,0.459,0.282,0.688
Jinja City,Eastern,Jinja,1293.9,28.5,17.1,0.415,0.225,0.257,Far (>25 km),28.4,1452.8,28.4,16.9,0.407,0.22,0.261,Far (>25 km),28.7,1110.9,28.2,16.7,0.379,0.239,0.283,Far (>25 km),28.0,1342.6,28.4,16.5,0.415,0.251,0.252,Far (>25 km),29.4,1248.7,29.0,17.5,0.416,0.241,0.248,Far (>25 km),29.4,1289.8,28.5,16.9,0.406,0.235,0.26
Lira City,Northern,Lira,1570.6,30.8,16.9,0.496,0.289,0.677,Near (2-10 km),11.4,1480.2,30.2,17.3,0.443,0.29,0.673,Near (2-10 km),12.2,1382.7,30.7,16.4,0.47,0.273,0.692,Near (2-10 km),10.7,1638.8,30.3,17.4,0.499,0.307,0.668,Near (2-10 km),12.2,1661.9,30.3,17.7,0.52,0.315,0.69,Near (2-10 km),11.2,1546.8,30.5,17.1,0.486,0.295,0.68
Masaka City,Central,Mbarara,995.5,28.6,16.1,0.365,0.19,0.671,Near (2-10 km),11.6,853.0,28.7,15.2,0.323,0.177,0.59,Near (2-10 km),16.7,885.8,28.6,16.1,0.303,0.149,0.607,Near (2-10 km),13.9,742.9,28.3,15.4,0.292,0.129,0.616,Near (2-10 km),14.3,879.2,28.2,15.6,0.333,0.144,0.609,Near (2-10 km),14.9,871.3,28.5,15.7,0.323,0.158,0.619
Mbale City,Eastern,Buginyanya,2069.8,28.4,16.0,0.466,0.282,0.802,"Very Near (Adjacent, 0-2 km)",7.6,2466.0,28.9,16.0,0.478,0.289,0.811,"Very Near (Adjacent, 0-2 km)",8.2,2254.4,28.4,16.3,0.475,0.281,0.812,"Very Near (Adjacent, 0-2 km)",6.5,2512.5,28.4,16.5,0.499,0.289,0.811,"Very Near (Adjacent, 0-2 km)",6.3,2523.6,28.2,16.3,0.529,0.321,0.798,"Very Near (Adjacent, 0-2 km)",7.9,2365.3,28.5,16.2,0.489,0.292,0.807
Mbarara City,Western,Mbarara,1057.7,28.0,16.5,0.35,0.168,0.834,"Very Near (Adjacent, 0-2 km)",6.8,939.3,28.7,15.9,0.312,0.119,0.81,"Very Near (Adjacent, 0-2 km)",6.2,796.3,28.1,15.2,0.298,0.17,0.804,"Very Near (Adjacent, 0-2 km)",8.1,1032.9,28.4,16.1,0.318,0.174,0.823,"Very Near (Adjacent, 0-2 km)",6.9,845.4,28.8,16.4,0.276,0.163,0.821,"Very Near (Adjacent, 0-2 km)",6.4,934.3,28.4,16.0,0.311,0.159,0.818
