District,Region,Reference_Station,NDVI_2020,NDVI_2021,NDVI_2022,NDVI_2023,NDVI_2024,Avg_NDVI_2020_2024
Buikwe,Central,Entebbe,0.774,0.784,0.796,0.758,0.732,0.769
Bukomansimbi,Central,Mbarara,0.509,0.535,0.56,0.536,0.504,0.529
Butambala,Central,Kampala,0.687,0.697,0.739,0.748,0.732,0.721
Buvuma,Central,Entebbe,0.795,0.849,0.819,0.794,0.742,0.8
Gomba,Central,Mubende,0.501,0.543,0.55,0.552,0.591,0.547
Kalangala,Central,Entebbe,0.741,0.79,0.756,0.718,0.773,0.756
Kalungu,Central,Mbarara,0.537,0.568,0.528,0.509,0.498,0.528
Kampala,Central,Kampala,0.424,0.488,0.453,0.453,0.41,0.446
Kasanda,Central,Mubende,0.592,0.616,0.614,0.611,0.618,0.61
Kayunga,Central,Kampala,0.78,0.801,0.784,0.809,0.785,0.792
Kiboga,Central,Mubende,0.631,0.618,0.655,0.643,0.647,0.639
Kyankwanzi,Central,Mubende,0.541,0.607,0.633,0.65,0.606,0.607
Kyotera,Central,Mbarara,0.579,0.602,0.596,0.58,0.607,0.593
Luweero,Central,Kampala,0.728,0.73,0.729,0.728,0.712,0.725
Lwengo,Central,Mbarara,0.518,0.51,0.538,0.605,0.606,0.555
Lyantonde,Central,Mbarara,0.52,0.509,0.514,0.54,0.548,0.526
Masaka,Central,Mbarara,0.511,0.514,0.503,0.573,0.581,0.536
Mityana,Central,Mubende,0.707,0.672,0.626,0.698,0.696,0.68
Mpigi,Central,Kampala,0.674,0.712,0.719,0.702,0.65,0.691
Mubende,Central,Mubende,0.572,0.608,0.622,0.608,0.615,0.605
Mukono,Central,Entebbe,0.785,0.788,0.801,0.792,0.76,0.785
Nakaseke,Central,Kampala,0.642,0.686,0.714,0.748,0.714,0.701
Nakasongola,Central,Kampala,0.72,0.733,0.723,0.674,0.713,0.713
Rakai,Central,Mbarara,0.683,0.673,0.599,0.567,0.611,0.627
Sembabule,Central,Mbarara,0.597,0.578,0.574,0.573,0.538,0.572
Wakiso,Central,Kampala,0.536,0.504,0.44,0.484,0.52,0.497
Amuria,Eastern,Soroti,0.73,0.679,0.61,0.586,0.572,0.635
Budaka,Eastern,Tororo,0.654,0.678,0.613,0.624,0.647,0.643
Bududa,Eastern,Buginyanya,0.793,0.799,0.808,0.821,0.801,0.804
Bugiri,Eastern,Jinja,0.625,0.609,0.689,0.706,0.689,0.664
Bugweri,Eastern,Jinja,0.634,0.598,0.618,0.637,0.691,0.636
Bukedea,Eastern,Soroti,0.671,0.632,0.603,0.656,0.662,0.645
Bukwo,Eastern,Buginyanya,0.768,0.788,0.762,0.851,0.848,0.803
Bulambuli,Eastern,Buginyanya,0.811,0.802,0.758,0.776,0.757,0.781
Busia,Eastern,Tororo,0.724,0.672,0.678,0.674,0.685,0.687
Butaleja,Eastern,Tororo,0.658,0.642,0.699,0.701,0.69,0.678
Butebo,Eastern,Tororo,0.617,0.65,0.65,0.671,0.721,0.662
Buyende,Eastern,Jinja,0.619,0.669,0.657,0.629,0.589,0.633
Iganga,Eastern,Jinja,0.615,0.595,0.588,0.649,0.672,0.624
Jinja,Eastern,Jinja,0.706,0.738,0.708,0.677,0.689,0.704
Kaberamaido,Eastern,Soroti,0.532,0.561,0.584,0.603,0.661,0.588
Kalaki,Eastern,Soroti,0.638,0.62,0.64,0.626,0.653,0.635
Kaliro,Eastern,Jinja,0.676,0.618,0.602,0.642,0.639,0.635
Kamuli,Eastern,Jinja,0.672,0.68,0.678,0.669,0.631,0.666
Kapchorwa,Eastern,Buginyanya,0.814,0.794,0.782,0.782,0.806,0.796
Kapelebyong,Eastern,Soroti,0.679,0.711,0.661,0.62,0.622,0.659
Katakwi,Eastern,Soroti,0.563,0.597,0.59,0.627,0.628,0.601
Kibuku,Eastern,Tororo,0.705,0.696,0.652,0.661,0.715,0.686
Kumi,Eastern,Soroti,0.645,0.637,0.679,0.686,0.674,0.664
Kween,Eastern,Buginyanya,0.796,0.791,0.77,0.772,0.819,0.79
Luuka,Eastern,Jinja,0.67,0.647,0.645,0.675,0.635,0.654
Manafwa,Eastern,Buginyanya,0.787,0.797,0.803,0.787,0.778,0.79
Mayuge,Eastern,Jinja,0.61,0.594,0.629,0.595,0.605,0.607
Mbale,Eastern,Buginyanya,0.788,0.782,0.793,0.819,0.811,0.799
Namayingo,Eastern,Tororo,0.704,0.666,0.68,0.718,0.711,0.696
Namisindwa,Eastern,Buginyanya,0.777,0.763,0.759,0.752,0.798,0.77
Namutumba,Eastern,Jinja,0.614,0.621,0.652,0.635,0.617,0.628
Ngora,Eastern,Soroti,0.647,0.626,0.611,0.638,0.697,0.644
Pallisa,Eastern,Tororo,0.746,0.705,0.708,0.696,0.672,0.705
Serere,Eastern,Soroti,0.584,0.599,0.584,0.606,0.607,0.596
Sironko,Eastern,Buginyanya,0.81,0.847,0.878,0.832,0.782,0.83
Soroti,Eastern,Soroti,0.61,0.591,0.634,0.674,0.64,0.63
Tororo,Eastern,Tororo,0.739,0.708,0.662,0.672,0.668,0.69
Abim,Northern,Kotido,0.457,0.456,0.448,0.441,0.446,0.45
Adjumani,Northern,Wadelai,0.566,0.605,0.615,0.612,0.527,0.585
Agago,Northern,Kitgum,0.529,0.544,0.566,0.606,0.601,0.569
Alebtong,Northern,Lira,0.66,0.662,0.654,0.711,0.707,0.679
Amolatar,Northern,Lira,0.699,0.658,0.628,0.659,0.643,0.657
Amudat,Northern,Kotido,0.441,0.472,0.472,0.432,0.454,0.454
Amuru,Northern,Gulu,0.62,0.694,0.7,0.651,0.662,0.665
Apac,Northern,Lira,0.697,0.695,0.667,0.662,0.688,0.682
Arua,Northern,Arua,0.715,0.649,0.675,0.656,0.634,0.666
Dokolo,Northern,Lira,0.694,0.697,0.688,0.688,0.706,0.695
Gulu,Northern,Gulu,0.708,0.711,0.738,0.74,0.715,0.722
Kaabong,Northern,Kotido,0.497,0.42,0.423,0.45,0.455,0.449
Karenga,Northern,Kotido,0.498,0.496,0.479,0.471,0.437,0.476
Kitgum,Northern,Kitgum,0.607,0.667,0.668,0.674,0.68,0.659
Koboko,Northern,Arua,0.742,0.727,0.743,0.749,0.751,0.742
Kole,Northern,Lira,0.706,0.726,0.702,0.703,0.697,0.707
Kotido,Northern,Kotido,0.455,0.431,0.431,0.45,0.465,0.446
Kwania,Northern,Lira,0.696,0.674,0.689,0.682,0.697,0.688
Lamwo,Northern,Kitgum,0.665,0.664,0.656,0.675,0.668,0.666
Lira,Northern,Lira,0.656,0.683,0.709,0.765,0.735,0.71
Madi-Okollo,Northern,Arua,0.675,0.664,0.669,0.65,0.684,0.668
Maracha,Northern,Arua,0.697,0.669,0.653,0.63,0.65,0.66
Moroto,Northern,Kotido,0.453,0.426,0.422,0.397,0.355,0.411
Moyo,Northern,Wadelai,0.606,0.617,0.565,0.557,0.51,0.571
Nabilatuk,Northern,Kotido,0.451,0.456,0.431,0.426,0.423,0.437
Nakapiripirit,Northern,Kotido,0.429,0.437,0.417,0.434,0.44,0.431
Napak,Northern,Kotido,0.472,0.518,0.462,0.495,0.491,0.488
Nebbi,Northern,Wadelai,0.579,0.553,0.53,0.563,0.608,0.567
Nwoya,Northern,Gulu,0.74,0.676,0.694,0.704,0.71,0.705
Obongi,Northern,Wadelai,0.506,0.486,0.558,0.629,0.615,0.559
Omoro,Northern,Gulu,0.698,0.713,0.684,0.698,0.709,0.7
Otuke,Northern,Lira,0.748,0.712,0.701,0.646,0.638,0.689
Oyam,Northern,Lira,0.676,0.646,0.657,0.72,0.716,0.683
Pader,Northern,Kitgum,0.618,0.651,0.625,0.588,0.621,0.621
Pakwach,Northern,Wadelai,0.578,0.62,0.591,0.586,0.56,0.587
Terego,Northern,Arua,0.591,0.593,0.613,0.624,0.641,0.612
Yumbe,Northern,Arua,0.591,0.649,0.671,0.664,0.609,0.637
Zombo,Northern,Wadelai,0.586,0.631,0.587,0.606,0.604,0.603
Buhweju,Western,Mbarara,0.488,0.482,0.495,0.544,0.548,0.511
Buliisa,Western,Masindi,0.79,0.763,0.786,0.792,0.771,0.78
Bundibugyo,Western,Kasese,0.588,0.597,0.612,0.623,0.621,0.608
Bunyangabu,Western,Kyembogo,0.794,0.784,0.746,0.79,0.747,0.772
Bushenyi,Western,Mbarara,0.521,0.561,0.531,0.581,0.534,0.546
Hoima,Western,Masindi,0.691,0.657,0.637,0.655,0.732,0.674
Ibanda,Western,Mbarara,0.55,0.571,0.577,0.575,0.588,0.572
Isingiro,Western,Mbarara,0.507,0.524,0.557,0.521,0.498,0.521
Kabale,Western,Kabale,0.67,0.669,0.663,0.607,0.626,0.647
Kabarole,Western,Kyembogo,0.741,0.771,0.782,0.754,0.722,0.754
Kagadi,Western,Kibanda,0.507,0.515,0.524,0.471,0.499,0.503
Kakumiro,Western,Kibanda,0.508,0.498,0.568,0.53,0.553,0.531
Kamwenge,Western,Kyembogo,0.739,0.658,0.668,0.653,0.623,0.668
Kanungu,Western,Kabale,0.714,0.689,0.705,0.676,0.716,0.7
Kasese,Western,Kasese,0.634,0.599,0.575,0.577,0.563,0.59
Kazo,Western,Mbarara,0.508,0.507,0.497,0.52,0.466,0.5
Kibaale,Western,Kibanda,0.502,0.492,0.517,0.511,0.521,0.509
Kikuube,Western,Masindi,0.645,0.655,0.705,0.624,0.609,0.648
Kiruhura,Western,Mbarara,0.541,0.54,0.539,0.558,0.522,0.54
Kiryandongo,Western,Kibanda,0.558,0.603,0.544,0.54,0.527,0.554
Kisoro,Western,Kabale,0.659,0.652,0.668,0.689,0.74,0.682
Kitagwenda,Western,Kyembogo,0.721,0.673,0.659,0.668,0.672,0.679
Kyegegwa,Western,Kyembogo,0.741,0.687,0.65,0.613,0.629,0.664
Kyenjojo,Western,Kyembogo,0.644,0.601,0.536,0.495,0.529,0.561
Masindi,Western,Masindi,0.773,0.759,0.767,0.739,0.696,0.747
Mbarara,Western,Mbarara,0.613,0.606,0.601,0.556,0.546,0.584
Mitooma,Western,Mbarara,0.527,0.516,0.52,0.553,0.52,0.527
Ntoroko,Western,Kasese,0.56,0.529,0.561,0.623,0.648,0.584
Ntungamo,Western,Mbarara,0.532,0.554,0.55,0.606,0.581,0.565
Rubanda,Western,Kabale,0.644,0.683,0.688,0.675,0.635,0.665
Rubirizi,Western,Mbarara,0.495,0.487,0.507,0.531,0.566,0.517
Rukiga,Western,Kabale,0.659,0.659,0.634,0.609,0.594,0.631
Rukungiri,Western,Kabale,0.676,0.658,0.683,0.665,0.665,0.669
Rwampara,Western,Mbarara,0.552,0.517,0.541,0.509,0.555,0.535
Sheema,Western,Mbarara,0.591,0.565,0.522,0.522,0.514,0.543
Arua City,Northern,Arua,0.522,0.484,0.48,0.509,0.487,0.496
Entebbe City,Central,Entebbe,0.405,0.403,0.433,0.459,0.503,0.441
Fort Portal City,Western,Kyembogo,0.467,0.443,0.436,0.383,0.439,0.434
Gulu City,Northern,Gulu,0.53,0.52,0.488,0.505,0.485,0.506
Hoima City,Western,Masindi,0.473,0.445,0.471,0.443,0.461,0.459
Jinja City,Eastern,Jinja,0.415,0.407,0.379,0.415,0.416,0.406
Lira City,Northern,Lira,0.496,0.443,0.47,0.499,0.52,0.486
Masaka City,Central,Mbarara,0.365,0.323,0.303,0.292,0.333,0.323
Mbale City,Eastern,Buginyanya,0.466,0.478,0.475,0.499,0.529,0.489
Mbarara City,Western,Mbarara,0.35,0.312,0.298,0.318,0.276,0.311
